Workbook

Sheet Dashboard
C2: FERNS N PETALS | AF2: 1,000 orders · 100 customers · 70 products · 301 delivery cities
C4: Sales Analysis — 1 Jan to 29 Dec 2023 | AM4: Every figure recalculates from the two filters below
C7: OCCASION | I7: (All) | T7: CATEGORY | Z7: (All) | AK7: Pick from the dropdowns — charts, tiles and tables all follow
C10: TOTAL REVENUE | M10: AVG ORDER VALUE | W10: REV PER CUSTOMER | AG10: DELIVERY TIME | AQ10: PEAK MONTH | BA10: FESTIVAL SHARE
C11: =Calcs!$B$119 -> 3520984 | M11: =Calcs!$B$122 -> 3520.984 | W11: =Calcs!$B$127 -> 35209.84 | AG11: =Calcs!$B$123 -> 5.5015867 | AQ11: =Calcs!$B$128 -> Aug | BA11: =Calcs!$B$130 -> 0.68244843
C13: =TEXT(Calcs!$B$120,"#,##0")&" orders · "&TEXT(Calcs!$B$121,"#,##0")&" units" -> 1,000 orders · 3,045 units | M13: ="Basket averages "&TEXT(Calcs!$B$121/Calcs!$B$120,"0.00")&" units" -> Basket averages 3.05 units | W13: =TEXT(Calcs!$B$125,"#,##0")&" active buyers" -> 100 active buyers | AG13: =TEXT(Calcs!$B$124,"0%")&" arrive within 7 days" -> 64% arrive within 7 days | AQ13: ="₹"&TEXT(Calcs!$B$129,"##\,##\,##0")&" · "&TEXT(Calcs!$B$126,"#,##0")&" cities" -> ₹7,37,389 · 301 cities | BA13: =TEXT(Calcs!$B$133,"0.0")&"× the quiet-month run rate" -> 4.3× the quiet-month run rate
B16: TIMING | M16: When does the year actually happen?
B37: RHYTHM | M37: What does a week and a day look like?
B57: OCCASION & ASSORTMENT | M57: Which occasion pays, and what sells?
B77: VALUE & REACH | M77: Where does the money concentrate?
B97: CUSTOMERS | M97: Who buys, and how do categories map to occasions?
C100: Highest-value customers | W100: Category × occasion revenue (₹ thousands)
C101: CUSTOMER | L101: REVENUE | Q101: ORDERS | AD101: All Occ. | AH101: Anniv. | AL101: Birthday | AP101: Diwali | AT101: Holi | AX101: Rakhi | BB101: Valentine
C102: =Calcs!$AI$7 -> Samaira Ganesh | M102: =Calcs!$AJ$7 -> 75029 | Q102: =Calcs!$AK$7 -> 16
C103: =Calcs!$AI$8 -> Seher Mann | M103: =Calcs!$AJ$8 -> 70409 | Q103: =Calcs!$AK$8 -> 17 | W103: Cake | AD103: =Calcs!B$109/1000 -> 0 | AH103: =Calcs!C$109/1000 -> 87.176 | AL103: =Calcs!D$109/1000 -> 30.289 | AP103: =Calcs!E$109/1000 -> 0 | AT103: =Calcs!F$109/1000 -> 91.642 | AX103: =Calcs!G$109/1000 -> 53.615 | BB103: =Calcs!H$109/1000 -> 67.14
C104: =Calcs!$AI$9 -> Divit Mahajan | M104: =Calcs!$AJ$9 -> 61294 | Q104: =Calcs!$AK$9 -> 15 | W104: Colors | AD104: =Calcs!B$110/1000 -> 105.732 | AH104: =Calcs!C$110/1000 -> 53.954 | AL104: =Calcs!D$110/1000 -> 157.781 | AP104: =Calcs!E$110/1000 -> 58.253 | AT104: =Calcs!F$110/1000 -> 320.798 | AX104: =Calcs!G$110/1000 -> 158.564 | BB104: =Calcs!H$110/1000 -> 150.563
C105: =Calcs!$AI$10 -> Jhanvi Chowdhury | M105: =Calcs!$AJ$10 -> 59666 | Q105: =Calcs!$AK$10 -> 14 | W105: Mugs | AD105: =Calcs!B$111/1000 -> 11.61 | AH105: =Calcs!C$111/1000 -> 0 | AL105: =Calcs!D$111/1000 -> 38.52 | AP105: =Calcs!E$111/1000 -> 0 | AT105: =Calcs!F$111/1000 -> 69.601 | AX105: =Calcs!G$111/1000 -> 0 | BB105: =Calcs!H$111/1000 -> 81.42
C106: =Calcs!$AI$11 -> Ranbir Loyal | M106: =Calcs!$AJ$11 -> 53082 | Q106: =Calcs!$AK$11 -> 17 | W106: Plants | AD106: =Calcs!B$112/1000 -> 0 | AH106: =Calcs!C$112/1000 -> 116.936 | AL106: =Calcs!D$112/1000 -> 34.268 | AP106: =Calcs!E$112/1000 -> 34.936 | AT106: =Calcs!F$112/1000 -> 16.88 | AX106: =Calcs!G$112/1000 -> 0 | BB106: =Calcs!H$112/1000 -> 9.261
C107: =Calcs!$AI$12 -> Aradhya Batta | M107: =Calcs!$AJ$12 -> 50856 | Q107: =Calcs!$AK$12 -> 14 | W107: Raksha Bandhan | AD107: =Calcs!B$113/1000 -> 60.64 | AH107: =Calcs!C$113/1000 -> 156.384 | AL107: =Calcs!D$113/1000 -> 30.324 | AP107: =Calcs!E$113/1000 -> 42 | AT107: =Calcs!F$113/1000 -> 0 | AX107: =Calcs!G$113/1000 -> 0 | BB107: =Calcs!H$113/1000 -> 8.024
C108: =Calcs!$AI$13 -> Akarsh Ramesh | M108: =Calcs!$AJ$13 -> 50313 | Q108: =Calcs!$AK$13 -> 13 | W108: Soft Toys | AD108: =Calcs!B$114/1000 -> 286.898 | AH108: =Calcs!C$114/1000 -> 75.96 | AL108: =Calcs!D$114/1000 -> 80.64 | AP108: =Calcs!E$114/1000 -> 0 | AT108: =Calcs!F$114/1000 -> 24.131 | AX108: =Calcs!G$114/1000 -> 257.68 | BB108: =Calcs!H$114/1000 -> 15.522
C109: =Calcs!$AI$14 -> Veer Ray | M109: =Calcs!$AJ$14 -> 50151 | Q109: =Calcs!$AK$14 -> 16 | W109: Sweets | AD109: =Calcs!B$115/1000 -> 121.296 | AH109: =Calcs!C$115/1000 -> 184.224 | AL109: =Calcs!D$115/1000 -> 36.372 | AP109: =Calcs!E$115/1000 -> 178.594 | AT109: =Calcs!F$115/1000 -> 51.63 | AX109: =Calcs!G$115/1000 -> 161.726 | BB109: =Calcs!H$115/1000 -> 0
C110: =Calcs!$AI$15 -> Mannat Anand | M110: =Calcs!$AJ$15 -> 49494 | Q110: =Calcs!$AK$15 -> 13
C111: =Calcs!$AI$16 -> Anahita Shankar | M111: =Calcs!$AJ$16 -> 49100 | Q111: =Calcs!$AK$16 -> 13
C114: ="Reading: four festival months carry "&TEXT(Calcs!$B$130,"0%")&" of revenue. A festival month averages ₹"&TEXT(Calcs!$B$131,"##\,##\,##0")&" against ₹"&TEXT(Calcs!$B$132,"##\,##\,##0")&" in a quiet one — "&TEXT(Calcs!$B$133,"0.0")&"× the run rate. Average delivery is "&TEXT(Calcs!$B$123,"0.0")&" days, with "&TEXT(Calcs!$B$124,"0%")&" inside a week." -> Reading: four festival months carry 68% of revenue. A festival month averages ₹6,00,723 against ₹1,39,762 in a quiet one — 4.3× the run rate. Average delivery is 5.5 days, with 64% inside a week.

Sheet Data Dictionary
B2: FNP SALES ANALYSIS — DATA DICTIONARY
B3: Three source files, joined into one fact table on the Model sheet. Revenue is derived, not supplied.
B6: orders.csv
B7: 1,000 rows · 10 fields · the fact table
B9: Field | C9: Type | D9: Key | E9: Notes
B10: Order_ID | C10: integer | D10: PK | E10: Range 1–1000, no duplicates.
B11: Customer_ID | C11: text | D11: FK | E11: Joins to customers.csv.
B12: Product_ID | C12: integer | D12: FK | E12: Joins to products.csv. Always join on this, never on Product_Name.
B13: Quantity | C13: integer | E13: Units of one product, 1–5, near-uniform. Drives basket size.
B14: Order_Date | C14: date | E14: DD-MM-YYYY in the raw file. Parsed explicitly on import — left to Excel, 07-11-2023 reads as 11 July.
B15: Order_Time | C15: time | E15: 24-hour clock. Combined with Order_Date for the hour analysis.
B16: Delivery_Date | C16: date | E16: Runs into January 2024 for late-December orders.
B17: Delivery_Time | C17: time | E17: Paired with Delivery_Date so lead time is measured to the hour.
B18: Location | C18: text | E18: DELIVERY city — 301 distinct. Matches the buyer’s own city in only 0.1% of orders, because gifts ship to the recipient.
B19: Occasion | C19: text | E19: What the order was placed for. Differs from the product’s own Occasion tag.
B22: products.csv
B23: 70 rows · 6 fields · catalogue
B25: Field | C25: Type | D25: Key | E25: Notes
B26: Product_ID | C26: integer | D26: PK | E26: Range 1–70.
B27: Product_Name | C27: text | E27: NOT unique. "Quia Gift" is IDs 21 and 56; "Error Gift" is IDs 65 and 70 — different categories and prices. Grouping by name double-counts them.
B28: Category | C28: text | E28: Cake, Colors, Mugs, Plants, Raksha Bandhan, Soft Toys, Sweets.
B29: Price (INR) | C29: integer | E29: ₹203–₹1,977, median ₹1,170. Unit price, not line total.
B30: Occasion | C30: text | E30: The occasion the item is merchandised for — a catalogue attribute, not a sales fact. The dashboard uses the ORDER occasion instead.
B31: Description | C31: text | E31: Placeholder Latin text. No analytical value.
B34: customers.csv
B35: 100 rows · 7 fields · registered buyers
B37: Field | C37: Type | D37: Key | E37: Notes
B38: Customer_ID | C38: text | D38: PK | E38: C001–C100.
B39: Name | C39: text | E39: Buyer name. Not guaranteed unique — the customer ranking aggregates on Customer_ID.
B40: City | C40: text | E40: Buyer’s home city, 86 distinct. This is NOT the delivery city.
B41: Contact_Number | C41: integer | E41: Stored numerically, so any leading zero is already lost. Treat as text on reload.
B42: Email | C42: text | E42: Free text, not validated against the Name field.
B43: Gender | C43: text | E43: Male / Female, split 51 / 49.
B44: Address | C44: text | E44: Multi-line in the raw file; embedded newline escapes were replaced with commas on import.
B47: Derived fields and assumptions
B49: • Revenue = orders.Quantity × products.Price (INR). There is no revenue column in any source file.
B52: • Lead_Days = (Delivery_Date + Delivery_Time) − (Order_Date + Order_Time), so it is measured to the hour, not rounded to whole days.
B55: • Festival months are Feb (Valentine’s), Mar (Holi), Aug (Raksha Bandhan) and Nov (Diwali) — set on the Lists sheet, column D.
B58: • Price bands and delivery-time buckets are defined on the Lists sheet and applied with LOOKUP, so editing the thresholds there updates every chart.
B61: • The two Dashboard dropdowns write into Calcs!B3 and Calcs!B4, which resolve "(All)" to the wildcard "*". Every SUMIFS and COUNTIFS reads those two cells.
B64: • Top-10 tables rank with LARGE plus a tie-break key, so ties resolve by revenue and then row order rather than arbitrarily.

Sheet Calcs
A1: CALCULATION LAYER
A2: Every table below is driven by the two dropdowns on the Dashboard. "(All)" becomes the wildcard "*", which SUMIFS matches against any text.
A3: Occasion criteria | B3: =IF(Dashboard!$I$7="(All)","*",Dashboard!$I$7) -> *
A4: Category criteria | B4: =IF(Dashboard!$Z$7="(All)","*",Dashboard!$Z$7) -> *
A6: Revenue by month | L6: All products (keyed on Product_ID) | Q6: Top 10 products | T6: All delivery cities | Y6: Top 10 cities | AC6: All customers | AI6: Top 10 customers
A7: Jan | B7: 1 | C7: =SUMIFS(Model!$N$2:$N$1001,Model!$J$2:$J$1001,$B$3,Model!$L$2:$L$1001,$B$4,Model!$R$2:$R$1001,$B7) -> 95468 | D7: =COUNTIFS(Model!$J$2:$J$1001,$B$3,Model!$L$2:$L$1001,$B$4,Model!$R$2:$R$1001,$B7) -> 34 | E7: =IFERROR($C7/$D7,0) -> 2807.8824 | F7: =INDEX(Lists!$D$2:$D$13,$B7) -> 0 | G7: =IF($F7="",0,1) -> 0 | L7: 1 | M7: =INDEX(Products!$B$2:$B$71,MATCH($L7,Products!$A$2:$A$71,0)) -> Magnam Set | N7: =SUMIFS(Model!$N$2:$N$1001,Model!$J$2:$J$1001,$B$3,Model!$L$2:$L$1001,$B$4,Model!$C$2:$C$1001,$L7) -> 121905 | O7: =$N7+ROW()/1000000 -> 121905 | Q7: =IF($R7=0,"—",INDEX($M$7:$M$76,MATCH(LARGE($O$7:$O$76,1),$O$7:$O$76,0))) -> Magnam Set | R7: =INDEX($N$7:$N$76,MATCH(LARGE($O$7:$O$76,1),$O$7:$O$76,0)) -> 121905 | T7: Adoni | U7: =COUNTIFS(Model!$J$2:$J$1001,$B$3,Model!$L$2:$L$1001,$B$4,Model!$I$2:$I$1001,$T7) -> 3 | V7: =SUMIFS(Model!$N$2:$N$1001,Model!$J$2:$J$1001,$B$3,Model!$L$2:$L$1001,$B$4,Model!$I$2:$I$1001,$T7) -> 9419 | W7: =$U7+$V7/1000000000+ROW()/1000000000000 -> 3.0000094 | Y7: =IF($Z7=0,"—",INDEX($T$7:$T$307,MATCH(LARGE($W$7:$W$307,1),$W$7:$W$307,0))) -> Ghaziabad | Z7: =INDEX($U$7:$U$307,MATCH(LARGE($W$7:$W$307,1),$W$7:$W$307,0)) -> 9 | AA7: =INDEX($V$7:$V$307,MATCH(LARGE($W$7:$W$307,1),$W$7:$W$307,0)) -> 37820 | AC7: C001 | AD7: =INDEX(Customers!$B$2:$B$101,MATCH($AC7,Customers!$A$2:$A$101,0)) -> Tara Krishnan | AE7: =SUMIFS(Model!$N$2:$N$1001,Model!$J$2:$J$1001,$B$3,Model!$L$2:$L$1001,$B$4,Model!$B$2:$B$1001,$AC7) -> 9095 | AF7: =COUNTIFS(Model!$J$2:$J$1001,$B$3,Model!$L$2:$L$1001,$B$4,Model!$B$2:$B$1001,$AC7) -> 5 | AG7: =$AE7+ROW()/1000000 -> 9095 | AI7: =IF($AJ7=0,"—",INDEX($AD$7:$AD$106,MATCH(LARGE($AG$7:$AG$106,1),$AG$7:$AG$106,0))) -> Samaira Ganesh | AJ7: =INDEX($AE$7:$AE$106,MATCH(LARGE($AG$7:$AG$106,1),$AG$7:$AG$106,0)) -> 75029 | AK7: =INDEX($AF$7:$AF$106,MATCH(LARGE($AG$7:$AG$106,1),$AG$7:$AG$106,0)) -> 16
A8: Feb | B8: 2 | C8: =SUMIFS(Model!$N$2:$N$1001,Model!$J$2:$J$1001,$B$3,Model!$L$2:$L$1001,$B$4,Model!$R$2:$R$1001,$B8) -> 704509 | D8: =COUNTIFS(Model!$J$2:$J$1001,$B$3,Model!$L$2:$L$1001,$B$4,Model!$R$2:$R$1001,$B8) -> 213 | E8: =IFERROR($C8/$D8,0) -> 3307.554 | F8: =INDEX(Lists!$D$2:$D$13,$B8) -> Valentine's Day | G8: =IF($F8="",0,1) -> 1 | L8: 2 | M8: =INDEX(Products!$B$2:$B$71,MATCH($L8,Products!$A$2:$A$71,0)) -> Voluptas Box | N8: =SUMIFS(Model!$N$2:$N$1001,Model!$J$2:$J$1001,$B$3,Model!$L$2:$L$1001,$B$4,Model!$C$2:$C$1001,$L8) -> 9261 | O8: =$N8+ROW()/1000000 -> 9261 | Q8: =IF($R8=0,"—",INDEX($M$7:$M$76,MATCH(LARGE($O$7:$O$76,2),$O$7:$O$76,0))) -> Dolores Gift | R8: =INDEX($N$7:$N$76,MATCH(LARGE($O$7:$O$76,2),$O$7:$O$76,0)) -> 106624 | T8: Agartala | U8: =COUNTIFS(Model!$J$2:$J$1001,$B$3,Model!$L$2:$L$1001,$B$4,Model!$I$2:$I$1001,$T8) -> 4 | V8: =SUMIFS(Model!$N$2:$N$1001,Model!$J$2:$J$1001,$B$3,Model!$L$2:$L$1001,$B$4,Model!$I$2:$I$1001,$T8) -> 13403 | W8: =$U8+$V8/1000000000+ROW()/1000000000000 -> 4.0000134 | Y8: =IF($Z8=0,"—",INDEX($T$7:$T$307,MATCH(LARGE($W$7:$W$307,2),$W$7:$W$307,0))) -> Bareilly | Z8: =INDEX($U$7:$U$307,MATCH(LARGE($W$7:$W$307,2),$W$7:$W$307,0)) -> 9 | AA8: =INDEX($V$7:$V$307,MATCH(LARGE($W$7:$W$307,2),$W$7:$W$307,0)) -> 30626 | AC8: C002 | AD8: =INDEX(Customers!$B$2:$B$101,MATCH($AC8,Customers!$A$2:$A$101,0)) -> Myra Edwin | AE8: =SUMIFS(Model!$N$2:$N$1001,Model!$J$2:$J$1001,$B$3,Model!$L$2:$L$1001,$B$4,Model!$B$2:$B$1001,$AC8) -> 23860 | AF8: =COUNTIFS(Model!$J$2:$J$1001,$B$3,Model!$L$2:$L$1001,$B$4,Model!$B$2:$B$1001,$AC8) -> 8 | AG8: =$AE8+ROW()/1000000 -> 23860 | AI8: =IF($AJ8=0,"—",INDEX($AD$7:$AD$106,MATCH(LARGE($AG$7:$AG$106,2),$AG$7:$AG$106,0))) -> Seher Mann | AJ8: =INDEX($AE$7:$AE$106,MATCH(LARGE($AG$7:$AG$106,2),$AG$7:$AG$106,0)) -> 70409 | AK8: =INDEX($AF$7:$AF$106,MATCH(LARGE($AG$7:$AG$106,2),$AG$7:$AG$106,0)) -> 17
A9: Mar | B9: 3 | C9: =SUMIFS(Model!$N$2:$N$1001,Model!$J$2:$J$1001,$B$3,Model!$L$2:$L$1001,$B$4,Model!$R$2:$R$1001,$B9) -> 511823 | D9: =COUNTIFS(Model!$J$2:$J$1001,$B$3,Model!$L$2:$L$1001,$B$4,Model!$R$2:$R$1001,$B9) -> 166 | E9: =IFERROR($C9/$D9,0) -> 3083.2711 | F9: =INDEX(Lists!$D$2:$D$13,$B9) -> Holi | G9: =IF($F9="",0,1) -> 1 | L9: 3 | M9: =INDEX(Products!$B$2:$B$71,MATCH($L9,Products!$A$2:$A$71,0)) -> Eius Gift | N9: =SUMIFS(Model!$N$2:$N$1001,Model!$J$2:$J$1001,$B$3,Model!$L$2:$L$1001,$B$4,Model!$C$2:$C$1001,$L9) -> 85904 | O9: =$N9+ROW()/1000000 -> 85904 | Q9: =IF($R9=0,"—",INDEX($M$7:$M$76,MATCH(LARGE($O$7:$O$76,3),$O$7:$O$76,0))) -> Harum Pack | R9: =INDEX($N$7:$N$76,MATCH(LARGE($O$7:$O$76,3),$O$7:$O$76,0)) -> 101556 | T9: Agra | U9: =COUNTIFS(Model!$J$2:$J$1001,$B$3,Model!$L$2:$L$1001,$B$4,Model!$I$2:$I$1001,$T9) -> 3 | V9: =SUMIFS(Model!$N$2:$N$1001,Model!$J$2:$J$1001,$B$3,Model!$L$2:$L$1001,$B$4,Model!$I$2:$I$1001,$T9) -> 6828 | W9: =$U9+$V9/1000000000+ROW()/1000000000000 -> 3.0000068 | Y9: =IF($Z9=0,"—",INDEX($T$7:$T$307,MATCH(LARGE($W$7:$W$307,3),$W$7:$W$307,0))) -> Bhilai | Z9: =INDEX($U$7:$U$307,MATCH(LARGE($W$7:$W$307,3),$W$7:$W$307,0)) -> 8 | AA9: =INDEX($V$7:$V$307,MATCH(LARGE($W$7:$W$307,3),$W$7:$W$307,0)) -> 36141 | AC9: C003 | AD9: =INDEX(Customers!$B$2:$B$101,MATCH($AC9,Customers!$A$2:$A$101,0)) -> Jayesh Lanka | AE9: =SUMIFS(Model!$N$2:$N$1001,Model!$J$2:$J$1001,$B$3,Model!$L$2:$L$1001,$B$4,Model!$B$2:$B$1001,$AC9) -> 34871 | AF9: =COUNTIFS(Model!$J$2:$J$1001,$B$3,Model!$L$2:$L$1001,$B$4,Model!$B$2:$B$1001,$AC9) -> 10 | AG9: =$AE9+ROW()/1000000 -> 34871 | AI9: =IF($AJ9=0,"—",INDEX($AD$7:$AD$106,MATCH(LARGE($AG$7:$AG$106,3),$AG$7:$AG$106,0))) -> Divit Mahajan | AJ9: =INDEX($AE$7:$AE$106,MATCH(LARGE($AG$7:$AG$106,3),$AG$7:$AG$106,0)) -> 61294 | AK9: =INDEX($AF$7:$AF$106,MATCH(LARGE($AG$7:$AG$106,3),$AG$7:$AG$106,0)) -> 15
A10: Apr | B10: 4 | C10: =SUMIFS(Model!$N$2:$N$1001,Model!$J$2:$J$1001,$B$3,Model!$L$2:$L$1001,$B$4,Model!$R$2:$R$1001,$B10) -> 140393 | D10: =COUNTIFS(Model!$J$2:$J$1001,$B$3,Model!$L$2:$L$1001,$B$4,Model!$R$2:$R$1001,$B10) -> 40 | E10: =IFERROR($C10/$D10,0) -> 3509.825 | F10: =INDEX(Lists!$D$2:$D$13,$B10) -> 0 | G10: =IF($F10="",0,1) -> 0 | L10: 4 | M10: =INDEX(Products!$B$2:$B$71,MATCH($L10,Products!$A$2:$A$71,0)) -> Accusantium Set | N10: =SUMIFS(Model!$N$2:$N$1001,Model!$J$2:$J$1001,$B$3,Model!$L$2:$L$1001,$B$4,Model!$C$2:$C$1001,$L10) -> 61149 | O10: =$N10+ROW()/1000000 -> 61149 | Q10: =IF($R10=0,"—",INDEX($M$7:$M$76,MATCH(LARGE($O$7:$O$76,4),$O$7:$O$76,0))) -> Deserunt Box | R10: =INDEX($N$7:$N$76,MATCH(LARGE($O$7:$O$76,4),$O$7:$O$76,0)) -> 97665 | T10: Ahmedabad | U10: =COUNTIFS(Model!$J$2:$J$1001,$B$3,Model!$L$2:$L$1001,$B$4,Model!$I$2:$I$1001,$T10) -> 6 | V10: =SUMIFS(Model!$N$2:$N$1001,Model!$J$2:$J$1001,$B$3,Model!$L$2:$L$1001,$B$4,Model!$I$2:$I$1001,$T10) -> 29560 | W10: =$U10+$V10/1000000000+ROW()/1000000000000 -> 6.0000296 | Y10: =IF($Z10=0,"—",INDEX($T$7:$T$307,MATCH(LARGE($W$7:$W$307,4),$W$7:$W$307,0))) -> Hazaribagh | Z10: =INDEX($U$7:$U$307,MATCH(LARGE($W$7:$W$307,4),$W$7:$W$307,0)) -> 7 | AA10: =INDEX($V$7:$V$307,MATCH(LARGE($W$7:$W$307,4),$W$7:$W$307,0)) -> 34167 | AC10: C004 | AD10: =INDEX(Customers!$B$2:$B$101,MATCH($AC10,Customers!$A$2:$A$101,0)) -> Tarini Bava | AE10: =SUMIFS(Model!$N$2:$N$1001,Model!$J$2:$J$1001,$B$3,Model!$L$2:$L$1001,$B$4,Model!$B$2:$B$1001,$AC10) -> 35894 | AF10: =COUNTIFS(Model!$J$2:$J$1001,$B$3,Model!$L$2:$L$1001,$B$4,Model!$B$2:$B$1001,$AC10) -> 11 | AG10: =$AE10+ROW()/1000000 -> 35894 | AI10: =IF($AJ10=0,"—",INDEX($AD$7:$AD$106,MATCH(LARGE($AG$7:$AG$106,4),$AG$7:$AG$106,0))) -> Jhanvi Chowdhury | AJ10: =INDEX($AE$7:$AE$106,MATCH(LARGE($AG$7:$AG$106,4),$AG$7:$AG$106,0)) -> 59666 | AK10: =INDEX($AF$7:$AF$106,MATCH(LARGE($AG$7:$AG$106,4),$AG$7:$AG$106,0)) -> 14
A11: May | B11: 5 | C11: =SUMIFS(Model!$N$2:$N$1001,Model!$J$2:$J$1001,$B$3,Model!$L$2:$L$1001,$B$4,Model!$R$2:$R$1001,$B11) -> 150346 | D11: =COUNTIFS(Model!$J$2:$J$1001,$B$3,Model!$L$2:$L$1001,$B$4,Model!$R$2:$R$1001,$B11) -> 43 | E11: =IFERROR($C11/$D11,0) -> 3496.4186 | F11: =INDEX(Lists!$D$2:$D$13,$B11) -> 0 | G11: =IF($F11="",0,1) -> 0 | L11: 5 | M11: =INDEX(Products!$B$2:$B$71,MATCH($L11,Products!$A$2:$A$71,0)) -> Natus Gift | N11: =SUMIFS(Model!$N$2:$N$1001,Model!$J$2:$J$1001,$B$3,Model!$L$2:$L$1001,$B$4,Model!$C$2:$C$1001,$L11) -> 31768 | O11: =$N11+ROW()/1000000 -> 31768 | Q11: =IF($R11=0,"—",INDEX($M$7:$M$76,MATCH(LARGE($O$7:$O$76,5),$O$7:$O$76,0))) -> Nostrum Box | R11: =INDEX($N$7:$N$76,MATCH(LARGE($O$7:$O$76,5),$O$7:$O$76,0)) -> 97656 | T11: Ahmednagar | U11: =COUNTIFS(Model!$J$2:$J$1001,$B$3,Model!$L$2:$L$1001,$B$4,Model!$I$2:$I$1001,$T11) -> 3 | V11: =SUMIFS(Model!$N$2:$N$1001,Model!$J$2:$J$1001,$B$3,Model!$L$2:$L$1001,$B$4,Model!$I$2:$I$1001,$T11) -> 9174 | W11: =$U11+$V11/1000000000+ROW()/1000000000000 -> 3.0000092 | Y11: =IF($Z11=0,"—",INDEX($T$7:$T$307,MATCH(LARGE($W$7:$W$307,5),$W$7:$W$307,0))) -> Satara | Z11: =INDEX($U$7:$U$307,MATCH(LARGE($W$7:$W$307,5),$W$7:$W$307,0)) -> 7 | AA11: =INDEX($V$7:$V$307,MATCH(LARGE($W$7:$W$307,5),$W$7:$W$307,0)) -> 27857 | AC11: C005 | AD11: =INDEX(Customers!$B$2:$B$101,MATCH($AC11,Customers!$A$2:$A$101,0)) -> Hiran Kaul | AE11: =SUMIFS(Model!$N$2:$N$1001,Model!$J$2:$J$1001,$B$3,Model!$L$2:$L$1001,$B$4,Model!$B$2:$B$1001,$AC11) -> 8403 | AF11: =COUNTIFS(Model!$J$2:$J$1001,$B$3,Model!$L$2:$L$1001,$B$4,Model!$B$2:$B$1001,$AC11) -> 4 | AG11: =$AE11+ROW()/1000000 -> 8403 | AI11: =IF($AJ11=0,"—",INDEX($AD$7:$AD$106,MATCH(LARGE($AG$7:$AG$106,5),$AG$7:$AG$106,0))) -> Ranbir Loyal | AJ11: =INDEX($AE$7:$AE$106,MATCH(LARGE($AG$7:$AG$106,5),$AG$7:$AG$106,0)) -> 53082 | AK11: =INDEX($AF$7:$AF$106,MATCH(LARGE($AG$7:$AG$106,5),$AG$7:$AG$106,0)) -> 17
A12: Jun | B12: 6 | C12: =SUMIFS(Model!$N$2:$N$1001,Model!$J$2:$J$1001,$B$3,Model!$L$2:$L$1001,$B$4,Model!$R$2:$R$1001,$B12) -> 157913 | D12: =COUNTIFS(Model!$J$2:$J$1001,$B$3,Model!$L$2:$L$1001,$B$4,Model!$R$2:$R$1001,$B12) -> 45 | E12: =IFERROR($C12/$D12,0) -> 3509.1778 | F12: =INDEX(Lists!$D$2:$D$13,$B12) -> 0 | G12: =IF($F12="",0,1) -> 0 | L12: 6 | M12: =INDEX(Products!$B$2:$B$71,MATCH($L12,Products!$A$2:$A$71,0)) -> Quos Box | N12: =SUMIFS(Model!$N$2:$N$1001,Model!$J$2:$J$1001,$B$3,Model!$L$2:$L$1001,$B$4,Model!$C$2:$C$1001,$L12) -> 56712 | O12: =$N12+ROW()/1000000 -> 56712 | Q12: =IF($R12=0,"—",INDEX($M$7:$M$76,MATCH(LARGE($O$7:$O$76,6),$O$7:$O$76,0))) -> Exercitationem Pack | R12: =INDEX($N$7:$N$76,MATCH(LARGE($O$7:$O$76,6),$O$7:$O$76,0)) -> 96701 | T12: Aizawl | U12: =COUNTIFS(Model!$J$2:$J$1001,$B$3,Model!$L$2:$L$1001,$B$4,Model!$I$2:$I$1001,$T12) -> 1 | V12: =SUMIFS(Model!$N$2:$N$1001,Model!$J$2:$J$1001,$B$3,Model!$L$2:$L$1001,$B$4,Model!$I$2:$I$1001,$T12) -> 289 | W12: =$U12+$V12/1000000000+ROW()/1000000000000 -> 1.0000003 | Y12: =IF($Z12=0,"—",INDEX($T$7:$T$307,MATCH(LARGE($W$7:$W$307,6),$W$7:$W$307,0))) -> Khammam | Z12: =INDEX($U$7:$U$307,MATCH(LARGE($W$7:$W$307,6),$W$7:$W$307,0)) -> 7 | AA12: =INDEX($V$7:$V$307,MATCH(LARGE($W$7:$W$307,6),$W$7:$W$307,0)) -> 27624 | AC12: C006 | AD12: =INDEX(Customers!$B$2:$B$101,MATCH($AC12,Customers!$A$2:$A$101,0)) -> Rania Mann | AE12: =SUMIFS(Model!$N$2:$N$1001,Model!$J$2:$J$1001,$B$3,Model!$L$2:$L$1001,$B$4,Model!$B$2:$B$1001,$AC12) -> 35959 | AF12: =COUNTIFS(Model!$J$2:$J$1001,$B$3,Model!$L$2:$L$1001,$B$4,Model!$B$2:$B$1001,$AC12) -> 10 | AG12: =$AE12+ROW()/1000000 -> 35959 | AI12: =IF($AJ12=0,"—",INDEX($AD$7:$AD$106,MATCH(LARGE($AG$7:$AG$106,6),$AG$7:$AG$106,0))) -> Aradhya Batta | AJ12: =INDEX($AE$7:$AE$106,MATCH(LARGE($AG$7:$AG$106,6),$AG$7:$AG$106,0)) -> 50856 | AK12: =INDEX($AF$7:$AF$106,MATCH(LARGE($AG$7:$AG$106,6),$AG$7:$AG$106,0)) -> 14
A13: Jul | B13: 7 | C13: =SUMIFS(Model!$N$2:$N$1001,Model!$J$2:$J$1001,$B$3,Model!$L$2:$L$1001,$B$4,Model!$R$2:$R$1001,$B13) -> 135826 | D13: =COUNTIFS(Model!$J$2:$J$1001,$B$3,Model!$L$2:$L$1001,$B$4,Model!$R$2:$R$1001,$B13) -> 39 | E13: =IFERROR($C13/$D13,0) -> 3482.7179 | F13: =INDEX(Lists!$D$2:$D$13,$B13) -> 0 | G13: =IF($F13="",0,1) -> 0 | L13: 7 | M13: =INDEX(Products!$B$2:$B$71,MATCH($L13,Products!$A$2:$A$71,0)) -> Quos Set | N13: =SUMIFS(Model!$N$2:$N$1001,Model!$J$2:$J$1001,$B$3,Model!$L$2:$L$1001,$B$4,Model!$C$2:$C$1001,$L13) -> 24131 | O13: =$N13+ROW()/1000000 -> 24131 | Q13: =IF($R13=0,"—",INDEX($M$7:$M$76,MATCH(LARGE($O$7:$O$76,7),$O$7:$O$76,0))) -> Nam Gift | R13: =INDEX($N$7:$N$76,MATCH(LARGE($O$7:$O$76,7),$O$7:$O$76,0)) -> 91385 | T13: Ajmer | U13: =COUNTIFS(Model!$J$2:$J$1001,$B$3,Model!$L$2:$L$1001,$B$4,Model!$I$2:$I$1001,$T13) -> 2 | V13: =SUMIFS(Model!$N$2:$N$1001,Model!$J$2:$J$1001,$B$3,Model!$L$2:$L$1001,$B$4,Model!$I$2:$I$1001,$T13) -> 13423 | W13: =$U13+$V13/1000000000+ROW()/1000000000000 -> 2.0000134 | Y13: =IF($Z13=0,"—",INDEX($T$7:$T$307,MATCH(LARGE($W$7:$W$307,7),$W$7:$W$307,0))) -> Darbhanga | Z13: =INDEX($U$7:$U$307,MATCH(LARGE($W$7:$W$307,7),$W$7:$W$307,0)) -> 7 | AA13: =INDEX($V$7:$V$307,MATCH(LARGE($W$7:$W$307,7),$W$7:$W$307,0)) -> 25662 | AC13: C007 | AD13: =INDEX(Customers!$B$2:$B$101,MATCH($AC13,Customers!$A$2:$A$101,0)) -> Jayant Kamdar | AE13: =SUMIFS(Model!$N$2:$N$1001,Model!$J$2:$J$1001,$B$3,Model!$L$2:$L$1001,$B$4,Model!$B$2:$B$1001,$AC13) -> 34438 | AF13: =COUNTIFS(Model!$J$2:$J$1001,$B$3,Model!$L$2:$L$1001,$B$4,Model!$B$2:$B$1001,$AC13) -> 12 | AG13: =$AE13+ROW()/1000000 -> 34438 | AI13: =IF($AJ13=0,"—",INDEX($AD$7:$AD$106,MATCH(LARGE($AG$7:$AG$106,7),$AG$7:$AG$106,0))) -> Akarsh Ramesh | AJ13: =INDEX($AE$7:$AE$106,MATCH(LARGE($AG$7:$AG$106,7),$AG$7:$AG$106,0)) -> 50313 | AK13: =INDEX($AF$7:$AF$106,MATCH(LARGE($AG$7:$AG$106,7),$AG$7:$AG$106,0)) -> 13
A14: Aug | B14: 8 | C14: =SUMIFS(Model!$N$2:$N$1001,Model!$J$2:$J$1001,$B$3,Model!$L$2:$L$1001,$B$4,Model!$R$2:$R$1001,$B14) -> 737389 | D14: =COUNTIFS(Model!$J$2:$J$1001,$B$3,Model!$L$2:$L$1001,$B$4,Model!$R$2:$R$1001,$B14) -> 165 | E14: =IFERROR($C14/$D14,0) -> 4469.0242 | F14: =INDEX(Lists!$D$2:$D$13,$B14) -> Raksha Bandhan | G14: =IF($F14="",0,1) -> 1 | L14: 8 | M14: =INDEX(Products!$B$2:$B$71,MATCH($L14,Products!$A$2:$A$71,0)) -> Qui Box | N14: =SUMIFS(Model!$N$2:$N$1001,Model!$J$2:$J$1001,$B$3,Model!$L$2:$L$1001,$B$4,Model!$C$2:$C$1001,$L14) -> 9576 | O14: =$N14+ROW()/1000000 -> 9576 | Q14: =IF($R14=0,"—",INDEX($M$7:$M$76,MATCH(LARGE($O$7:$O$76,8),$O$7:$O$76,0))) -> Dignissimos Pack | R14: =INDEX($N$7:$N$76,MATCH(LARGE($O$7:$O$76,8),$O$7:$O$76,0)) -> 90036 | T14: Akola | U14: =COUNTIFS(Model!$J$2:$J$1001,$B$3,Model!$L$2:$L$1001,$B$4,Model!$I$2:$I$1001,$T14) -> 3 | V14: =SUMIFS(Model!$N$2:$N$1001,Model!$J$2:$J$1001,$B$3,Model!$L$2:$L$1001,$B$4,Model!$I$2:$I$1001,$T14) -> 9541 | W14: =$U14+$V14/1000000000+ROW()/1000000000000 -> 3.0000095 | Y14: =IF($Z14=0,"—",INDEX($T$7:$T$307,MATCH(LARGE($W$7:$W$307,8),$W$7:$W$307,0))) -> Lucknow | Z14: =INDEX($U$7:$U$307,MATCH(LARGE($W$7:$W$307,8),$W$7:$W$307,0)) -> 7 | AA14: =INDEX($V$7:$V$307,MATCH(LARGE($W$7:$W$307,8),$W$7:$W$307,0)) -> 25405 | AC14: C008 | AD14: =INDEX(Customers!$B$2:$B$101,MATCH($AC14,Customers!$A$2:$A$101,0)) -> Veer Ray | AE14: =SUMIFS(Model!$N$2:$N$1001,Model!$J$2:$J$1001,$B$3,Model!$L$2:$L$1001,$B$4,Model!$B$2:$B$1001,$AC14) -> 50151 | AF14: =COUNTIFS(Model!$J$2:$J$1001,$B$3,Model!$L$2:$L$1001,$B$4,Model!$B$2:$B$1001,$AC14) -> 16 | AG14: =$AE14+ROW()/1000000 -> 50151 | AI14: =IF($AJ14=0,"—",INDEX($AD$7:$AD$106,MATCH(LARGE($AG$7:$AG$106,8),$AG$7:$AG$106,0))) -> Veer Ray | AJ14: =INDEX($AE$7:$AE$106,MATCH(LARGE($AG$7:$AG$106,8),$AG$7:$AG$106,0)) -> 50151 | AK14: =INDEX($AF$7:$AF$106,MATCH(LARGE($AG$7:$AG$106,8),$AG$7:$AG$106,0)) -> 16
A15: Sep | B15: 9 | C15: =SUMIFS(Model!$N$2:$N$1001,Model!$J$2:$J$1001,$B$3,Model!$L$2:$L$1001,$B$4,Model!$R$2:$R$1001,$B15) -> 136938 | D15: =COUNTIFS(Model!$J$2:$J$1001,$B$3,Model!$L$2:$L$1001,$B$4,Model!$R$2:$R$1001,$B15) -> 40 | E15: =IFERROR($C15/$D15,0) -> 3423.45 | F15: =INDEX(Lists!$D$2:$D$13,$B15) -> 0 | G15: =IF($F15="",0,1) -> 0 | L15: 9 | M15: =INDEX(Products!$B$2:$B$71,MATCH($L15,Products!$A$2:$A$71,0)) -> Aperiam Box | N15: =SUMIFS(Model!$N$2:$N$1001,Model!$J$2:$J$1001,$B$3,Model!$L$2:$L$1001,$B$4,Model!$C$2:$C$1001,$L15) -> 89880 | O15: =$N15+ROW()/1000000 -> 89880 | Q15: =IF($R15=0,"—",INDEX($M$7:$M$76,MATCH(LARGE($O$7:$O$76,9),$O$7:$O$76,0))) -> Aperiam Box | R15: =INDEX($N$7:$N$76,MATCH(LARGE($O$7:$O$76,9),$O$7:$O$76,0)) -> 89880 | T15: Alappuzha | U15: =COUNTIFS(Model!$J$2:$J$1001,$B$3,Model!$L$2:$L$1001,$B$4,Model!$I$2:$I$1001,$T15) -> 2 | V15: =SUMIFS(Model!$N$2:$N$1001,Model!$J$2:$J$1001,$B$3,Model!$L$2:$L$1001,$B$4,Model!$I$2:$I$1001,$T15) -> 6868 | W15: =$U15+$V15/1000000000+ROW()/1000000000000 -> 2.0000069 | Y15: =IF($Z15=0,"—",INDEX($T$7:$T$307,MATCH(LARGE($W$7:$W$307,9),$W$7:$W$307,0))) -> Ozhukarai | Z15: =INDEX($U$7:$U$307,MATCH(LARGE($W$7:$W$307,9),$W$7:$W$307,0)) -> 7 | AA15: =INDEX($V$7:$V$307,MATCH(LARGE($W$7:$W$307,9),$W$7:$W$307,0)) -> 23395 | AC15: C009 | AD15: =INDEX(Customers!$B$2:$B$101,MATCH($AC15,Customers!$A$2:$A$101,0)) -> Ritvik Borah | AE15: =SUMIFS(Model!$N$2:$N$1001,Model!$J$2:$J$1001,$B$3,Model!$L$2:$L$1001,$B$4,Model!$B$2:$B$1001,$AC15) -> 42882 | AF15: =COUNTIFS(Model!$J$2:$J$1001,$B$3,Model!$L$2:$L$1001,$B$4,Model!$B$2:$B$1001,$AC15) -> 12 | AG15: =$AE15+ROW()/1000000 -> 42882 | AI15: =IF($AJ15=0,"—",INDEX($AD$7:$AD$106,MATCH(LARGE($AG$7:$AG$106,9),$AG$7:$AG$106,0))) -> Mannat Anand | AJ15: =INDEX($AE$7:$AE$106,MATCH(LARGE($AG$7:$AG$106,9),$AG$7:$AG$106,0)) -> 49494 | AK15: =INDEX($AF$7:$AF$106,MATCH(LARGE($AG$7:$AG$106,9),$AG$7:$AG$106,0)) -> 13
A16: Oct | B16: 10 | C16: =SUMIFS(Model!$N$2:$N$1001,Model!$J$2:$J$1001,$B$3,Model!$L$2:$L$1001,$B$4,Model!$R$2:$R$1001,$B16) -> 151619 | D16: =COUNTIFS(Model!$J$2:$J$1001,$B$3,Model!$L$2:$L$1001,$B$4,Model!$R$2:$R$1001,$B16) -> 39 | E16: =IFERROR($C16/$D16,0) -> 3887.6667 | F16: =INDEX(Lists!$D$2:$D$13,$B16) -> 0 | G16: =IF($F16="",0,1) -> 0 | L16: 10 | M16: =INDEX(Products!$B$2:$B$71,MATCH($L16,Products!$A$2:$A$71,0)) -> Accusantium Gift | N16: =SUMIFS(Model!$N$2:$N$1001,Model!$J$2:$J$1001,$B$3,Model!$L$2:$L$1001,$B$4,Model!$C$2:$C$1001,$L16) -> 10619 | O16: =$N16+ROW()/1000000 -> 10619 | Q16: =IF($R16=0,"—",INDEX($M$7:$M$76,MATCH(LARGE($O$7:$O$76,10),$O$7:$O$76,0))) -> Expedita Gift | R16: =INDEX($N$7:$N$76,MATCH(LARGE($O$7:$O$76,10),$O$7:$O$76,0)) -> 88944 | T16: Aligarh | U16: =COUNTIFS(Model!$J$2:$J$1001,$B$3,Model!$L$2:$L$1001,$B$4,Model!$I$2:$I$1001,$T16) -> 2 | V16: =SUMIFS(Model!$N$2:$N$1001,Model!$J$2:$J$1001,$B$3,Model!$L$2:$L$1001,$B$4,Model!$I$2:$I$1001,$T16) -> 11303 | W16: =$U16+$V16/1000000000+ROW()/1000000000000 -> 2.0000113 | Y16: =IF($Z16=0,"—",INDEX($T$7:$T$307,MATCH(LARGE($W$7:$W$307,10),$W$7:$W$307,0))) -> Sirsa | Z16: =INDEX($U$7:$U$307,MATCH(LARGE($W$7:$W$307,10),$W$7:$W$307,0)) -> 7 | AA16: =INDEX($V$7:$V$307,MATCH(LARGE($W$7:$W$307,10),$W$7:$W$307,0)) -> 22638 | AC16: C010 | AD16: =INDEX(Customers!$B$2:$B$101,MATCH($AC16,Customers!$A$2:$A$101,0)) -> Darshit Dave | AE16: =SUMIFS(Model!$N$2:$N$1001,Model!$J$2:$J$1001,$B$3,Model!$L$2:$L$1001,$B$4,Model!$B$2:$B$1001,$AC16) -> 24931 | AF16: =COUNTIFS(Model!$J$2:$J$1001,$B$3,Model!$L$2:$L$1001,$B$4,Model!$B$2:$B$1001,$AC16) -> 8 | AG16: =$AE16+ROW()/1000000 -> 24931 | AI16: =IF($AJ16=0,"—",INDEX($AD$7:$AD$106,MATCH(LARGE($AG$7:$AG$106,10),$AG$7:$AG$106,0))) -> Anahita Shankar | AJ16: =INDEX($AE$7:$AE$106,MATCH(LARGE($AG$7:$AG$106,10),$AG$7:$AG$106,0)) -> 49100 | AK16: =INDEX($AF$7:$AF$106,MATCH(LARGE($AG$7:$AG$106,10),$AG$7:$AG$106,0)) -> 13
A17: Nov | B17: 11 | C17: =SUMIFS(Model!$N$2:$N$1001,Model!$J$2:$J$1001,$B$3,Model!$L$2:$L$1001,$B$4,Model!$R$2:$R$1001,$B17) -> 449169 | D17: =COUNTIFS(Model!$J$2:$J$1001,$B$3,Model!$L$2:$L$1001,$B$4,Model!$R$2:$R$1001,$B17) -> 134 | E17: =IFERROR($C17/$D17,0) -> 3352.0075 | F17: =INDEX(Lists!$D$2:$D$13,$B17) -> Diwali | G17: =IF($F17="",0,1) -> 1 | L17: 11 | M17: =INDEX(Products!$B$2:$B$71,MATCH($L17,Products!$A$2:$A$71,0)) -> Maxime Set | N17: =SUMIFS(Model!$N$2:$N$1001,Model!$J$2:$J$1001,$B$3,Model!$L$2:$L$1001,$B$4,Model!$C$2:$C$1001,$L17) -> 29592 | O17: =$N17+ROW()/1000000 -> 29592 | T17: Allahabad | U17: =COUNTIFS(Model!$J$2:$J$1001,$B$3,Model!$L$2:$L$1001,$B$4,Model!$I$2:$I$1001,$T17) -> 5 | V17: =SUMIFS(Model!$N$2:$N$1001,Model!$J$2:$J$1001,$B$3,Model!$L$2:$L$1001,$B$4,Model!$I$2:$I$1001,$T17) -> 23405 | W17: =$U17+$V17/1000000000+ROW()/1000000000000 -> 5.0000234 | AC17: C011 | AD17: =INDEX(Customers!$B$2:$B$101,MATCH($AC17,Customers!$A$2:$A$101,0)) -> Lagan Kapoor | AE17: =SUMIFS(Model!$N$2:$N$1001,Model!$J$2:$J$1001,$B$3,Model!$L$2:$L$1001,$B$4,Model!$B$2:$B$1001,$AC17) -> 15042 | AF17: =COUNTIFS(Model!$J$2:$J$1001,$B$3,Model!$L$2:$L$1001,$B$4,Model!$B$2:$B$1001,$AC17) -> 7 | AG17: =$AE17+ROW()/1000000 -> 15042
A18: Dec | B18: 12 | C18: =SUMIFS(Model!$N$2:$N$1001,Model!$J$2:$J$1001,$B$3,Model!$L$2:$L$1001,$B$4,Model!$R$2:$R$1001,$B18) -> 149591 | D18: =COUNTIFS(Model!$J$2:$J$1001,$B$3,Model!$L$2:$L$1001,$B$4,Model!$R$2:$R$1001,$B18) -> 42 | E18: =IFERROR($C18/$D18,0) -> 3561.6905 | F18: =INDEX(Lists!$D$2:$D$13,$B18) -> 0 | G18: =IF($F18="",0,1) -> 0 | L18: 12 | M18: =INDEX(Products!$B$2:$B$71,MATCH($L18,Products!$A$2:$A$71,0)) -> Non Set | N18: =SUMIFS(Model!$N$2:$N$1001,Model!$J$2:$J$1001,$B$3,Model!$L$2:$L$1001,$B$4,Model!$C$2:$C$1001,$L18) -> 32928 | O18: =$N18+ROW()/1000000 -> 32928 | T18: Alwar | U18: =COUNTIFS(Model!$J$2:$J$1001,$B$3,Model!$L$2:$L$1001,$B$4,Model!$I$2:$I$1001,$T18) -> 7 | V18: =SUMIFS(Model!$N$2:$N$1001,Model!$J$2:$J$1001,$B$3,Model!$L$2:$L$1001,$B$4,Model!$I$2:$I$1001,$T18) -> 18514 | W18: =$U18+$V18/1000000000+ROW()/1000000000000 -> 7.0000185 | AC18: C012 | AD18: =INDEX(Customers!$B$2:$B$101,MATCH($AC18,Customers!$A$2:$A$101,0)) -> Onkar Mangat | AE18: =SUMIFS(Model!$N$2:$N$1001,Model!$J$2:$J$1001,$B$3,Model!$L$2:$L$1001,$B$4,Model!$B$2:$B$1001,$AC18) -> 23591 | AF18: =COUNTIFS(Model!$J$2:$J$1001,$B$3,Model!$L$2:$L$1001,$B$4,Model!$B$2:$B$1001,$AC18) -> 8 | AG18: =$AE18+ROW()/1000000 -> 23591
L19: 13 | M19: =INDEX(Products!$B$2:$B$71,MATCH($L19,Products!$A$2:$A$71,0)) -> Et Set | N19: =SUMIFS(Model!$N$2:$N$1001,Model!$J$2:$J$1001,$B$3,Model!$L$2:$L$1001,$B$4,Model!$C$2:$C$1001,$L19) -> 69601 | O19: =$N19+ROW()/1000000 -> 69601 | T19: Amaravati | U19: =COUNTIFS(Model!$J$2:$J$1001,$B$3,Model!$L$2:$L$1001,$B$4,Model!$I$2:$I$1001,$T19) -> 2 | V19: =SUMIFS(Model!$N$2:$N$1001,Model!$J$2:$J$1001,$B$3,Model!$L$2:$L$1001,$B$4,Model!$I$2:$I$1001,$T19) -> 1891 | W19: =$U19+$V19/1000000000+ROW()/1000000000000 -> 2.0000019 | AC19: C013 | AD19: =INDEX(Customers!$B$2:$B$101,MATCH($AC19,Customers!$A$2:$A$101,0)) -> Manikya Goswami | AE19: =SUMIFS(Model!$N$2:$N$1001,Model!$J$2:$J$1001,$B$3,Model!$L$2:$L$1001,$B$4,Model!$B$2:$B$1001,$AC19) -> 46738 | AF19: =COUNTIFS(Model!$J$2:$J$1001,$B$3,Model!$L$2:$L$1001,$B$4,Model!$B$2:$B$1001,$AC19) -> 13 | AG19: =$AE19+ROW()/1000000 -> 46738
L20: 14 | M20: =INDEX(Products!$B$2:$B$71,MATCH($L20,Products!$A$2:$A$71,0)) -> Deserunt Box | N20: =SUMIFS(Model!$N$2:$N$1001,Model!$J$2:$J$1001,$B$3,Model!$L$2:$L$1001,$B$4,Model!$C$2:$C$1001,$L20) -> 97665 | O20: =$N20+ROW()/1000000 -> 97665 | T20: Ambala | U20: =COUNTIFS(Model!$J$2:$J$1001,$B$3,Model!$L$2:$L$1001,$B$4,Model!$I$2:$I$1001,$T20) -> 4 | V20: =SUMIFS(Model!$N$2:$N$1001,Model!$J$2:$J$1001,$B$3,Model!$L$2:$L$1001,$B$4,Model!$I$2:$I$1001,$T20) -> 18805 | W20: =$U20+$V20/1000000000+ROW()/1000000000000 -> 4.0000188 | AC20: C014 | AD20: =INDEX(Customers!$B$2:$B$101,MATCH($AC20,Customers!$A$2:$A$101,0)) -> Indrans Shukla | AE20: =SUMIFS(Model!$N$2:$N$1001,Model!$J$2:$J$1001,$B$3,Model!$L$2:$L$1001,$B$4,Model!$B$2:$B$1001,$AC20) -> 37235 | AF20: =COUNTIFS(Model!$J$2:$J$1001,$B$3,Model!$L$2:$L$1001,$B$4,Model!$B$2:$B$1001,$AC20) -> 12 | AG20: =$AE20+ROW()/1000000 -> 37235
A21: Revenue by occasion | L21: 15 | M21: =INDEX(Products!$B$2:$B$71,MATCH($L21,Products!$A$2:$A$71,0)) -> Repudiandae Box | N21: =SUMIFS(Model!$N$2:$N$1001,Model!$J$2:$J$1001,$B$3,Model!$L$2:$L$1001,$B$4,Model!$C$2:$C$1001,$L21) -> 44640 | O21: =$N21+ROW()/1000000 -> 44640 | T21: Ambarnath | U21: =COUNTIFS(Model!$J$2:$J$1001,$B$3,Model!$L$2:$L$1001,$B$4,Model!$I$2:$I$1001,$T21) -> 2 | V21: =SUMIFS(Model!$N$2:$N$1001,Model!$J$2:$J$1001,$B$3,Model!$L$2:$L$1001,$B$4,Model!$I$2:$I$1001,$T21) -> 7085 | W21: =$U21+$V21/1000000000+ROW()/1000000000000 -> 2.0000071 | AC21: C015 | AD21: =INDEX(Customers!$B$2:$B$101,MATCH($AC21,Customers!$A$2:$A$101,0)) -> Romil Bajwa | AE21: =SUMIFS(Model!$N$2:$N$1001,Model!$J$2:$J$1001,$B$3,Model!$L$2:$L$1001,$B$4,Model!$B$2:$B$1001,$AC21) -> 22045 | AF21: =COUNTIFS(Model!$J$2:$J$1001,$B$3,Model!$L$2:$L$1001,$B$4,Model!$B$2:$B$1001,$AC21) -> 9 | AG21: =$AE21+ROW()/1000000 -> 22045
A22: All Occasions | B22: =SUMIFS(Model!$N$2:$N$1001,Model!$J$2:$J$1001,$A22,Model!$J$2:$J$1001,$B$3,Model!$L$2:$L$1001,$B$4) -> 586176 | C22: =COUNTIFS(Model!$J$2:$J$1001,$A22,Model!$J$2:$J$1001,$B$3,Model!$L$2:$L$1001,$B$4) -> 126 | D22: =SUMIFS(Model!$D$2:$D$1001,Model!$J$2:$J$1001,$A22,Model!$J$2:$J$1001,$B$3,Model!$L$2:$L$1001,$B$4) -> 385 | E22: =IFERROR($B22/$C22,0) -> 4652.1905 | F22: =IFERROR(AVERAGEIFS(Model!$W$2:$W$1001,Model!$J$2:$J$1001,$A22,Model!$J$2:$J$1001,$B$3,Model!$L$2:$L$1001,$B$4),0) -> 5.6661117 | L22: 16 | M22: =INDEX(Products!$B$2:$B$71,MATCH($L22,Products!$A$2:$A$71,0)) -> Ut Pack | N22: =SUMIFS(Model!$N$2:$N$1001,Model!$J$2:$J$1001,$B$3,Model!$L$2:$L$1001,$B$4,Model!$C$2:$C$1001,$L22) -> 51630 | O22: =$N22+ROW()/1000000 -> 51630 | T22: Ambattur | U22: =COUNTIFS(Model!$J$2:$J$1001,$B$3,Model!$L$2:$L$1001,$B$4,Model!$I$2:$I$1001,$T22) -> 2 | V22: =SUMIFS(Model!$N$2:$N$1001,Model!$J$2:$J$1001,$B$3,Model!$L$2:$L$1001,$B$4,Model!$I$2:$I$1001,$T22) -> 1980 | W22: =$U22+$V22/1000000000+ROW()/1000000000000 -> 2.000002 | AC22: C016 | AD22: =INDEX(Customers!$B$2:$B$101,MATCH($AC22,Customers!$A$2:$A$101,0)) -> Amani Ganesh | AE22: =SUMIFS(Model!$N$2:$N$1001,Model!$J$2:$J$1001,$B$3,Model!$L$2:$L$1001,$B$4,Model!$B$2:$B$1001,$AC22) -> 37655 | AF22: =COUNTIFS(Model!$J$2:$J$1001,$B$3,Model!$L$2:$L$1001,$B$4,Model!$B$2:$B$1001,$AC22) -> 9 | AG22: =$AE22+ROW()/1000000 -> 37655
A23: Anniversary | B23: =SUMIFS(Model!$N$2:$N$1001,Model!$J$2:$J$1001,$A23,Model!$J$2:$J$1001,$B$3,Model!$L$2:$L$1001,$B$4) -> 674634 | C23: =COUNTIFS(Model!$J$2:$J$1001,$A23,Model!$J$2:$J$1001,$B$3,Model!$L$2:$L$1001,$B$4) -> 205 | D23: =SUMIFS(Model!$D$2:$D$1001,Model!$J$2:$J$1001,$A23,Model!$J$2:$J$1001,$B$3,Model!$L$2:$L$1001,$B$4) -> 607 | E23: =IFERROR($B23/$C23,0) -> 3290.8976 | F23: =IFERROR(AVERAGEIFS(Model!$W$2:$W$1001,Model!$J$2:$J$1001,$A23,Model!$J$2:$J$1001,$B$3,Model!$L$2:$L$1001,$B$4),0) -> 5.4929608 | L23: 17 | M23: =INDEX(Products!$B$2:$B$71,MATCH($L23,Products!$A$2:$A$71,0)) -> Delectus Gift | N23: =SUMIFS(Model!$N$2:$N$1001,Model!$J$2:$J$1001,$B$3,Model!$L$2:$L$1001,$B$4,Model!$C$2:$C$1001,$L23) -> 75960 | O23: =$N23+ROW()/1000000 -> 75960 | T23: Amravati | U23: =COUNTIFS(Model!$J$2:$J$1001,$B$3,Model!$L$2:$L$1001,$B$4,Model!$I$2:$I$1001,$T23) -> 5 | V23: =SUMIFS(Model!$N$2:$N$1001,Model!$J$2:$J$1001,$B$3,Model!$L$2:$L$1001,$B$4,Model!$I$2:$I$1001,$T23) -> 14444 | W23: =$U23+$V23/1000000000+ROW()/1000000000000 -> 5.0000144 | AC23: C017 | AD23: =INDEX(Customers!$B$2:$B$101,MATCH($AC23,Customers!$A$2:$A$101,0)) -> Advika Dhar | AE23: =SUMIFS(Model!$N$2:$N$1001,Model!$J$2:$J$1001,$B$3,Model!$L$2:$L$1001,$B$4,Model!$B$2:$B$1001,$AC23) -> 42855 | AF23: =COUNTIFS(Model!$J$2:$J$1001,$B$3,Model!$L$2:$L$1001,$B$4,Model!$B$2:$B$1001,$AC23) -> 9 | AG23: =$AE23+ROW()/1000000 -> 42855
A24: Birthday | B24: =SUMIFS(Model!$N$2:$N$1001,Model!$J$2:$J$1001,$A24,Model!$J$2:$J$1001,$B$3,Model!$L$2:$L$1001,$B$4) -> 408194 | C24: =COUNTIFS(Model!$J$2:$J$1001,$A24,Model!$J$2:$J$1001,$B$3,Model!$L$2:$L$1001,$B$4) -> 149 | D24: =SUMIFS(Model!$D$2:$D$1001,Model!$J$2:$J$1001,$A24,Model!$J$2:$J$1001,$B$3,Model!$L$2:$L$1001,$B$4) -> 438 | E24: =IFERROR($B24/$C24,0) -> 2739.557 | F24: =IFERROR(AVERAGEIFS(Model!$W$2:$W$1001,Model!$J$2:$J$1001,$A24,Model!$J$2:$J$1001,$B$3,Model!$L$2:$L$1001,$B$4),0) -> 5.4872314 | L24: 18 | M24: =INDEX(Products!$B$2:$B$71,MATCH($L24,Products!$A$2:$A$71,0)) -> Nemo Set | N24: =SUMIFS(Model!$N$2:$N$1001,Model!$J$2:$J$1001,$B$3,Model!$L$2:$L$1001,$B$4,Model!$C$2:$C$1001,$L24) -> 26554 | O24: =$N24+ROW()/1000000 -> 26554 | T24: Amritsar | U24: =COUNTIFS(Model!$J$2:$J$1001,$B$3,Model!$L$2:$L$1001,$B$4,Model!$I$2:$I$1001,$T24) -> 4 | V24: =SUMIFS(Model!$N$2:$N$1001,Model!$J$2:$J$1001,$B$3,Model!$L$2:$L$1001,$B$4,Model!$I$2:$I$1001,$T24) -> 15227 | W24: =$U24+$V24/1000000000+ROW()/1000000000000 -> 4.0000152 | AC24: C018 | AD24: =INDEX(Customers!$B$2:$B$101,MATCH($AC24,Customers!$A$2:$A$101,0)) -> Eva Vaidya | AE24: =SUMIFS(Model!$N$2:$N$1001,Model!$J$2:$J$1001,$B$3,Model!$L$2:$L$1001,$B$4,Model!$B$2:$B$1001,$AC24) -> 33717 | AF24: =COUNTIFS(Model!$J$2:$J$1001,$B$3,Model!$L$2:$L$1001,$B$4,Model!$B$2:$B$1001,$AC24) -> 11 | AG24: =$AE24+ROW()/1000000 -> 33717
A25: Diwali | B25: =SUMIFS(Model!$N$2:$N$1001,Model!$J$2:$J$1001,$A25,Model!$J$2:$J$1001,$B$3,Model!$L$2:$L$1001,$B$4) -> 313783 | C25: =COUNTIFS(Model!$J$2:$J$1001,$A25,Model!$J$2:$J$1001,$B$3,Model!$L$2:$L$1001,$B$4) -> 95 | D25: =SUMIFS(Model!$D$2:$D$1001,Model!$J$2:$J$1001,$A25,Model!$J$2:$J$1001,$B$3,Model!$L$2:$L$1001,$B$4) -> 297 | E25: =IFERROR($B25/$C25,0) -> 3302.9789 | F25: =IFERROR(AVERAGEIFS(Model!$W$2:$W$1001,Model!$J$2:$J$1001,$A25,Model!$J$2:$J$1001,$B$3,Model!$L$2:$L$1001,$B$4),0) -> 4.9551674 | L25: 19 | M25: =INDEX(Products!$B$2:$B$71,MATCH($L25,Products!$A$2:$A$71,0)) -> Iure Gift | N25: =SUMIFS(Model!$N$2:$N$1001,Model!$J$2:$J$1001,$B$3,Model!$L$2:$L$1001,$B$4,Model!$C$2:$C$1001,$L25) -> 51828 | O25: =$N25+ROW()/1000000 -> 51828 | T25: Amroha | U25: =COUNTIFS(Model!$J$2:$J$1001,$B$3,Model!$L$2:$L$1001,$B$4,Model!$I$2:$I$1001,$T25) -> 3 | V25: =SUMIFS(Model!$N$2:$N$1001,Model!$J$2:$J$1001,$B$3,Model!$L$2:$L$1001,$B$4,Model!$I$2:$I$1001,$T25) -> 5653 | W25: =$U25+$V25/1000000000+ROW()/1000000000000 -> 3.0000057 | AC25: C019 | AD25: =INDEX(Customers!$B$2:$B$101,MATCH($AC25,Customers!$A$2:$A$101,0)) -> Amira Sengupta | AE25: =SUMIFS(Model!$N$2:$N$1001,Model!$J$2:$J$1001,$B$3,Model!$L$2:$L$1001,$B$4,Model!$B$2:$B$1001,$AC25) -> 40031 | AF25: =COUNTIFS(Model!$J$2:$J$1001,$B$3,Model!$L$2:$L$1001,$B$4,Model!$B$2:$B$1001,$AC25) -> 9 | AG25: =$AE25+ROW()/1000000 -> 40031
A26: Holi | B26: =SUMIFS(Model!$N$2:$N$1001,Model!$J$2:$J$1001,$A26,Model!$J$2:$J$1001,$B$3,Model!$L$2:$L$1001,$B$4) -> 574682 | C26: =COUNTIFS(Model!$J$2:$J$1001,$A26,Model!$J$2:$J$1001,$B$3,Model!$L$2:$L$1001,$B$4) -> 180 | D26: =SUMIFS(Model!$D$2:$D$1001,Model!$J$2:$J$1001,$A26,Model!$J$2:$J$1001,$B$3,Model!$L$2:$L$1001,$B$4) -> 544 | E26: =IFERROR($B26/$C26,0) -> 3192.6778 | F26: =IFERROR(AVERAGEIFS(Model!$W$2:$W$1001,Model!$J$2:$J$1001,$A26,Model!$J$2:$J$1001,$B$3,Model!$L$2:$L$1001,$B$4),0) -> 5.7608106 | L26: 20 | M26: =INDEX(Products!$B$2:$B$71,MATCH($L26,Products!$A$2:$A$71,0)) -> Reiciendis Box | N26: =SUMIFS(Model!$N$2:$N$1001,Model!$J$2:$J$1001,$B$3,Model!$L$2:$L$1001,$B$4,Model!$C$2:$C$1001,$L26) -> 20910 | O26: =$N26+ROW()/1000000 -> 20910 | T26: Anand | U26: =COUNTIFS(Model!$J$2:$J$1001,$B$3,Model!$L$2:$L$1001,$B$4,Model!$I$2:$I$1001,$T26) -> 5 | V26: =SUMIFS(Model!$N$2:$N$1001,Model!$J$2:$J$1001,$B$3,Model!$L$2:$L$1001,$B$4,Model!$I$2:$I$1001,$T26) -> 8635 | W26: =$U26+$V26/1000000000+ROW()/1000000000000 -> 5.0000086 | AC26: C020 | AD26: =INDEX(Customers!$B$2:$B$101,MATCH($AC26,Customers!$A$2:$A$101,0)) -> Samaira Ganesh | AE26: =SUMIFS(Model!$N$2:$N$1001,Model!$J$2:$J$1001,$B$3,Model!$L$2:$L$1001,$B$4,Model!$B$2:$B$1001,$AC26) -> 75029 | AF26: =COUNTIFS(Model!$J$2:$J$1001,$B$3,Model!$L$2:$L$1001,$B$4,Model!$B$2:$B$1001,$AC26) -> 16 | AG26: =$AE26+ROW()/1000000 -> 75029
A27: Raksha Bandhan | B27: =SUMIFS(Model!$N$2:$N$1001,Model!$J$2:$J$1001,$A27,Model!$J$2:$J$1001,$B$3,Model!$L$2:$L$1001,$B$4) -> 631585 | C27: =COUNTIFS(Model!$J$2:$J$1001,$A27,Model!$J$2:$J$1001,$B$3,Model!$L$2:$L$1001,$B$4) -> 132 | D27: =SUMIFS(Model!$D$2:$D$1001,Model!$J$2:$J$1001,$A27,Model!$J$2:$J$1001,$B$3,Model!$L$2:$L$1001,$B$4) -> 424 | E27: =IFERROR($B27/$C27,0) -> 4784.7348 | F27: =IFERROR(AVERAGEIFS(Model!$W$2:$W$1001,Model!$J$2:$J$1001,$A27,Model!$J$2:$J$1001,$B$3,Model!$L$2:$L$1001,$B$4),0) -> 5.6439065 | L27: 21 | M27: =INDEX(Products!$B$2:$B$71,MATCH($L27,Products!$A$2:$A$71,0)) -> Quia Gift | N27: =SUMIFS(Model!$N$2:$N$1001,Model!$J$2:$J$1001,$B$3,Model!$L$2:$L$1001,$B$4,Model!$C$2:$C$1001,$L27) -> 68684 | O27: =$N27+ROW()/1000000 -> 68684 | T27: Anantapur | U27: =COUNTIFS(Model!$J$2:$J$1001,$B$3,Model!$L$2:$L$1001,$B$4,Model!$I$2:$I$1001,$T27) -> 1 | V27: =SUMIFS(Model!$N$2:$N$1001,Model!$J$2:$J$1001,$B$3,Model!$L$2:$L$1001,$B$4,Model!$I$2:$I$1001,$T27) -> 4515 | W27: =$U27+$V27/1000000000+ROW()/1000000000000 -> 1.0000045 | AC27: C021 | AD27: =INDEX(Customers!$B$2:$B$101,MATCH($AC27,Customers!$A$2:$A$101,0)) -> Siya Talwar | AE27: =SUMIFS(Model!$N$2:$N$1001,Model!$J$2:$J$1001,$B$3,Model!$L$2:$L$1001,$B$4,Model!$B$2:$B$1001,$AC27) -> 23641 | AF27: =COUNTIFS(Model!$J$2:$J$1001,$B$3,Model!$L$2:$L$1001,$B$4,Model!$B$2:$B$1001,$AC27) -> 6 | AG27: =$AE27+ROW()/1000000 -> 23641
A28: Valentine's Day | B28: =SUMIFS(Model!$N$2:$N$1001,Model!$J$2:$J$1001,$A28,Model!$J$2:$J$1001,$B$3,Model!$L$2:$L$1001,$B$4) -> 331930 | C28: =COUNTIFS(Model!$J$2:$J$1001,$A28,Model!$J$2:$J$1001,$B$3,Model!$L$2:$L$1001,$B$4) -> 113 | D28: =SUMIFS(Model!$D$2:$D$1001,Model!$J$2:$J$1001,$A28,Model!$J$2:$J$1001,$B$3,Model!$L$2:$L$1001,$B$4) -> 350 | E28: =IFERROR($B28/$C28,0) -> 2937.4336 | F28: =IFERROR(AVERAGEIFS(Model!$W$2:$W$1001,Model!$J$2:$J$1001,$A28,Model!$J$2:$J$1001,$B$3,Model!$L$2:$L$1001,$B$4),0) -> 5.2329181 | L28: 22 | M28: =INDEX(Products!$B$2:$B$71,MATCH($L28,Products!$A$2:$A$71,0)) -> Exercitationem Pack | N28: =SUMIFS(Model!$N$2:$N$1001,Model!$J$2:$J$1001,$B$3,Model!$L$2:$L$1001,$B$4,Model!$C$2:$C$1001,$L28) -> 96701 | O28: =$N28+ROW()/1000000 -> 96701 | T28: Anantapuram | U28: =COUNTIFS(Model!$J$2:$J$1001,$B$3,Model!$L$2:$L$1001,$B$4,Model!$I$2:$I$1001,$T28) -> 1 | V28: =SUMIFS(Model!$N$2:$N$1001,Model!$J$2:$J$1001,$B$3,Model!$L$2:$L$1001,$B$4,Model!$I$2:$I$1001,$T28) -> 7805 | W28: =$U28+$V28/1000000000+ROW()/1000000000000 -> 1.0000078 | AC28: C022 | AD28: =INDEX(Customers!$B$2:$B$101,MATCH($AC28,Customers!$A$2:$A$101,0)) -> Ivana Rout | AE28: =SUMIFS(Model!$N$2:$N$1001,Model!$J$2:$J$1001,$B$3,Model!$L$2:$L$1001,$B$4,Model!$B$2:$B$1001,$AC28) -> 40262 | AF28: =COUNTIFS(Model!$J$2:$J$1001,$B$3,Model!$L$2:$L$1001,$B$4,Model!$B$2:$B$1001,$AC28) -> 8 | AG28: =$AE28+ROW()/1000000 -> 40262
L29: 23 | M29: =INDEX(Products!$B$2:$B$71,MATCH($L29,Products!$A$2:$A$71,0)) -> Dignissimos Pack | N29: =SUMIFS(Model!$N$2:$N$1001,Model!$J$2:$J$1001,$B$3,Model!$L$2:$L$1001,$B$4,Model!$C$2:$C$1001,$L29) -> 90036 | O29: =$N29+ROW()/1000000 -> 90036 | T29: Arrah | U29: =COUNTIFS(Model!$J$2:$J$1001,$B$3,Model!$L$2:$L$1001,$B$4,Model!$I$2:$I$1001,$T29) -> 1 | V29: =SUMIFS(Model!$N$2:$N$1001,Model!$J$2:$J$1001,$B$3,Model!$L$2:$L$1001,$B$4,Model!$I$2:$I$1001,$T29) -> 1180 | W29: =$U29+$V29/1000000000+ROW()/1000000000000 -> 1.0000012 | AC29: C023 | AD29: =INDEX(Customers!$B$2:$B$101,MATCH($AC29,Customers!$A$2:$A$101,0)) -> Abram Sandhu | AE29: =SUMIFS(Model!$N$2:$N$1001,Model!$J$2:$J$1001,$B$3,Model!$L$2:$L$1001,$B$4,Model!$B$2:$B$1001,$AC29) -> 41112 | AF29: =COUNTIFS(Model!$J$2:$J$1001,$B$3,Model!$L$2:$L$1001,$B$4,Model!$B$2:$B$1001,$AC29) -> 10 | AG29: =$AE29+ROW()/1000000 -> 41112
L30: 24 | M30: =INDEX(Products!$B$2:$B$71,MATCH($L30,Products!$A$2:$A$71,0)) -> Ad Box | N30: =SUMIFS(Model!$N$2:$N$1001,Model!$J$2:$J$1001,$B$3,Model!$L$2:$L$1001,$B$4,Model!$C$2:$C$1001,$L30) -> 38520 | O30: =$N30+ROW()/1000000 -> 38520 | T30: Asansol | U30: =COUNTIFS(Model!$J$2:$J$1001,$B$3,Model!$L$2:$L$1001,$B$4,Model!$I$2:$I$1001,$T30) -> 3 | V30: =SUMIFS(Model!$N$2:$N$1001,Model!$J$2:$J$1001,$B$3,Model!$L$2:$L$1001,$B$4,Model!$I$2:$I$1001,$T30) -> 4945 | W30: =$U30+$V30/1000000000+ROW()/1000000000000 -> 3.0000049 | AC30: C024 | AD30: =INDEX(Customers!$B$2:$B$101,MATCH($AC30,Customers!$A$2:$A$101,0)) -> Jhanvi Chowdhury | AE30: =SUMIFS(Model!$N$2:$N$1001,Model!$J$2:$J$1001,$B$3,Model!$L$2:$L$1001,$B$4,Model!$B$2:$B$1001,$AC30) -> 59666 | AF30: =COUNTIFS(Model!$J$2:$J$1001,$B$3,Model!$L$2:$L$1001,$B$4,Model!$B$2:$B$1001,$AC30) -> 14 | AG30: =$AE30+ROW()/1000000 -> 59666
A31: Revenue by category | L31: 25 | M31: =INDEX(Products!$B$2:$B$71,MATCH($L31,Products!$A$2:$A$71,0)) -> Qui Gift | N31: =SUMIFS(Model!$N$2:$N$1001,Model!$J$2:$J$1001,$B$3,Model!$L$2:$L$1001,$B$4,Model!$C$2:$C$1001,$L31) -> 58898 | O31: =$N31+ROW()/1000000 -> 58898 | T31: Aurangabad | U31: =COUNTIFS(Model!$J$2:$J$1001,$B$3,Model!$L$2:$L$1001,$B$4,Model!$I$2:$I$1001,$T31) -> 4 | V31: =SUMIFS(Model!$N$2:$N$1001,Model!$J$2:$J$1001,$B$3,Model!$L$2:$L$1001,$B$4,Model!$I$2:$I$1001,$T31) -> 21817 | W31: =$U31+$V31/1000000000+ROW()/1000000000000 -> 4.0000218 | AC31: C025 | AD31: =INDEX(Customers!$B$2:$B$101,MATCH($AC31,Customers!$A$2:$A$101,0)) -> Ira Bava | AE31: =SUMIFS(Model!$N$2:$N$1001,Model!$J$2:$J$1001,$B$3,Model!$L$2:$L$1001,$B$4,Model!$B$2:$B$1001,$AC31) -> 26463 | AF31: =COUNTIFS(Model!$J$2:$J$1001,$B$3,Model!$L$2:$L$1001,$B$4,Model!$B$2:$B$1001,$AC31) -> 6 | AG31: =$AE31+ROW()/1000000 -> 26463
A32: Cake | B32: =SUMIFS(Model!$N$2:$N$1001,Model!$L$2:$L$1001,$A32,Model!$L$2:$L$1001,$B$4,Model!$J$2:$J$1001,$B$3) -> 329862 | C32: =COUNTIFS(Model!$L$2:$L$1001,$A32,Model!$L$2:$L$1001,$B$4,Model!$J$2:$J$1001,$B$3) -> 118 | D32: =SUMIFS(Model!$D$2:$D$1001,Model!$L$2:$L$1001,$A32,Model!$L$2:$L$1001,$B$4,Model!$J$2:$J$1001,$B$3) -> 375 | E32: =IFERROR($B32/$C32,0) -> 2795.4407 | L32: 26 | M32: =INDEX(Products!$B$2:$B$71,MATCH($L32,Products!$A$2:$A$71,0)) -> Aliquam Box | N32: =SUMIFS(Model!$N$2:$N$1001,Model!$J$2:$J$1001,$B$3,Model!$L$2:$L$1001,$B$4,Model!$C$2:$C$1001,$L32) -> 18785 | O32: =$N32+ROW()/1000000 -> 18785 | T32: Avadi | U32: =COUNTIFS(Model!$J$2:$J$1001,$B$3,Model!$L$2:$L$1001,$B$4,Model!$I$2:$I$1001,$T32) -> 5 | V32: =SUMIFS(Model!$N$2:$N$1001,Model!$J$2:$J$1001,$B$3,Model!$L$2:$L$1001,$B$4,Model!$I$2:$I$1001,$T32) -> 17069 | W32: =$U32+$V32/1000000000+ROW()/1000000000000 -> 5.0000171 | AC32: C026 | AD32: =INDEX(Customers!$B$2:$B$101,MATCH($AC32,Customers!$A$2:$A$101,0)) -> Ira Chahal | AE32: =SUMIFS(Model!$N$2:$N$1001,Model!$J$2:$J$1001,$B$3,Model!$L$2:$L$1001,$B$4,Model!$B$2:$B$1001,$AC32) -> 31319 | AF32: =COUNTIFS(Model!$J$2:$J$1001,$B$3,Model!$L$2:$L$1001,$B$4,Model!$B$2:$B$1001,$AC32) -> 9 | AG32: =$AE32+ROW()/1000000 -> 31319
A33: Colors | B33: =SUMIFS(Model!$N$2:$N$1001,Model!$L$2:$L$1001,$A33,Model!$L$2:$L$1001,$B$4,Model!$J$2:$J$1001,$B$3) -> 1005645 | C33: =COUNTIFS(Model!$L$2:$L$1001,$A33,Model!$L$2:$L$1001,$B$4,Model!$J$2:$J$1001,$B$3) -> 273 | D33: =SUMIFS(Model!$D$2:$D$1001,Model!$L$2:$L$1001,$A33,Model!$L$2:$L$1001,$B$4,Model!$J$2:$J$1001,$B$3) -> 810 | E33: =IFERROR($B33/$C33,0) -> 3683.6813 | L33: 27 | M33: =INDEX(Products!$B$2:$B$71,MATCH($L33,Products!$A$2:$A$71,0)) -> Architecto Gift | N33: =SUMIFS(Model!$N$2:$N$1001,Model!$J$2:$J$1001,$B$3,Model!$L$2:$L$1001,$B$4,Model!$C$2:$C$1001,$L33) -> 26852 | O33: =$N33+ROW()/1000000 -> 26852 | T33: Bahraich | U33: =COUNTIFS(Model!$J$2:$J$1001,$B$3,Model!$L$2:$L$1001,$B$4,Model!$I$2:$I$1001,$T33) -> 3 | V33: =SUMIFS(Model!$N$2:$N$1001,Model!$J$2:$J$1001,$B$3,Model!$L$2:$L$1001,$B$4,Model!$I$2:$I$1001,$T33) -> 10858 | W33: =$U33+$V33/1000000000+ROW()/1000000000000 -> 3.0000109 | AC33: C027 | AD33: =INDEX(Customers!$B$2:$B$101,MATCH($AC33,Customers!$A$2:$A$101,0)) -> Kashvi Sur | AE33: =SUMIFS(Model!$N$2:$N$1001,Model!$J$2:$J$1001,$B$3,Model!$L$2:$L$1001,$B$4,Model!$B$2:$B$1001,$AC33) -> 33149 | AF33: =COUNTIFS(Model!$J$2:$J$1001,$B$3,Model!$L$2:$L$1001,$B$4,Model!$B$2:$B$1001,$AC33) -> 8 | AG33: =$AE33+ROW()/1000000 -> 33149
A34: Mugs | B34: =SUMIFS(Model!$N$2:$N$1001,Model!$L$2:$L$1001,$A34,Model!$L$2:$L$1001,$B$4,Model!$J$2:$J$1001,$B$3) -> 201151 | C34: =COUNTIFS(Model!$L$2:$L$1001,$A34,Model!$L$2:$L$1001,$B$4,Model!$J$2:$J$1001,$B$3) -> 74 | D34: =SUMIFS(Model!$D$2:$D$1001,Model!$L$2:$L$1001,$A34,Model!$L$2:$L$1001,$B$4,Model!$J$2:$J$1001,$B$3) -> 232 | E34: =IFERROR($B34/$C34,0) -> 2718.2568 | L34: 28 | M34: =INDEX(Products!$B$2:$B$71,MATCH($L34,Products!$A$2:$A$71,0)) -> Velit Set | N34: =SUMIFS(Model!$N$2:$N$1001,Model!$J$2:$J$1001,$B$3,Model!$L$2:$L$1001,$B$4,Model!$C$2:$C$1001,$L34) -> 76454 | O34: =$N34+ROW()/1000000 -> 76454 | T34: Ballia | U34: =COUNTIFS(Model!$J$2:$J$1001,$B$3,Model!$L$2:$L$1001,$B$4,Model!$I$2:$I$1001,$T34) -> 6 | V34: =SUMIFS(Model!$N$2:$N$1001,Model!$J$2:$J$1001,$B$3,Model!$L$2:$L$1001,$B$4,Model!$I$2:$I$1001,$T34) -> 14299 | W34: =$U34+$V34/1000000000+ROW()/1000000000000 -> 6.0000143 | AC34: C028 | AD34: =INDEX(Customers!$B$2:$B$101,MATCH($AC34,Customers!$A$2:$A$101,0)) -> Hridaan Rajagopalan | AE34: =SUMIFS(Model!$N$2:$N$1001,Model!$J$2:$J$1001,$B$3,Model!$L$2:$L$1001,$B$4,Model!$B$2:$B$1001,$AC34) -> 37013 | AF34: =COUNTIFS(Model!$J$2:$J$1001,$B$3,Model!$L$2:$L$1001,$B$4,Model!$B$2:$B$1001,$AC34) -> 13 | AG34: =$AE34+ROW()/1000000 -> 37013
A35: Plants | B35: =SUMIFS(Model!$N$2:$N$1001,Model!$L$2:$L$1001,$A35,Model!$L$2:$L$1001,$B$4,Model!$J$2:$J$1001,$B$3) -> 212281 | C35: =COUNTIFS(Model!$L$2:$L$1001,$A35,Model!$L$2:$L$1001,$B$4,Model!$J$2:$J$1001,$B$3) -> 99 | D35: =SUMIFS(Model!$D$2:$D$1001,Model!$L$2:$L$1001,$A35,Model!$L$2:$L$1001,$B$4,Model!$J$2:$J$1001,$B$3) -> 306 | E35: =IFERROR($B35/$C35,0) -> 2144.2525 | L35: 29 | M35: =INDEX(Products!$B$2:$B$71,MATCH($L35,Products!$A$2:$A$71,0)) -> In Set | N35: =SUMIFS(Model!$N$2:$N$1001,Model!$J$2:$J$1001,$B$3,Model!$L$2:$L$1001,$B$4,Model!$C$2:$C$1001,$L35) -> 45072 | O35: =$N35+ROW()/1000000 -> 45072 | T35: Bally | U35: =COUNTIFS(Model!$J$2:$J$1001,$B$3,Model!$L$2:$L$1001,$B$4,Model!$I$2:$I$1001,$T35) -> 6 | V35: =SUMIFS(Model!$N$2:$N$1001,Model!$J$2:$J$1001,$B$3,Model!$L$2:$L$1001,$B$4,Model!$I$2:$I$1001,$T35) -> 23263 | W35: =$U35+$V35/1000000000+ROW()/1000000000000 -> 6.0000233 | AC35: C029 | AD35: =INDEX(Customers!$B$2:$B$101,MATCH($AC35,Customers!$A$2:$A$101,0)) -> Badal Sathe | AE35: =SUMIFS(Model!$N$2:$N$1001,Model!$J$2:$J$1001,$B$3,Model!$L$2:$L$1001,$B$4,Model!$B$2:$B$1001,$AC35) -> 46420 | AF35: =COUNTIFS(Model!$J$2:$J$1001,$B$3,Model!$L$2:$L$1001,$B$4,Model!$B$2:$B$1001,$AC35) -> 11 | AG35: =$AE35+ROW()/1000000 -> 46420
A36: Raksha Bandhan | B36: =SUMIFS(Model!$N$2:$N$1001,Model!$L$2:$L$1001,$A36,Model!$L$2:$L$1001,$B$4,Model!$J$2:$J$1001,$B$3) -> 297372 | C36: =COUNTIFS(Model!$L$2:$L$1001,$A36,Model!$L$2:$L$1001,$B$4,Model!$J$2:$J$1001,$B$3) -> 99 | D36: =SUMIFS(Model!$D$2:$D$1001,Model!$L$2:$L$1001,$A36,Model!$L$2:$L$1001,$B$4,Model!$J$2:$J$1001,$B$3) -> 278 | E36: =IFERROR($B36/$C36,0) -> 3003.7576 | L36: 30 | M36: =INDEX(Products!$B$2:$B$71,MATCH($L36,Products!$A$2:$A$71,0)) -> Recusandae Pack | N36: =SUMIFS(Model!$N$2:$N$1001,Model!$J$2:$J$1001,$B$3,Model!$L$2:$L$1001,$B$4,Model!$C$2:$C$1001,$L36) -> 33044 | O36: =$N36+ROW()/1000000 -> 33044 | T36: Bangalore | U36: =COUNTIFS(Model!$J$2:$J$1001,$B$3,Model!$L$2:$L$1001,$B$4,Model!$I$2:$I$1001,$T36) -> 4 | V36: =SUMIFS(Model!$N$2:$N$1001,Model!$J$2:$J$1001,$B$3,Model!$L$2:$L$1001,$B$4,Model!$I$2:$I$1001,$T36) -> 7930 | W36: =$U36+$V36/1000000000+ROW()/1000000000000 -> 4.0000079 | AC36: C030 | AD36: =INDEX(Customers!$B$2:$B$101,MATCH($AC36,Customers!$A$2:$A$101,0)) -> Vardaniya Contractor | AE36: =SUMIFS(Model!$N$2:$N$1001,Model!$J$2:$J$1001,$B$3,Model!$L$2:$L$1001,$B$4,Model!$B$2:$B$1001,$AC36) -> 48097 | AF36: =COUNTIFS(Model!$J$2:$J$1001,$B$3,Model!$L$2:$L$1001,$B$4,Model!$B$2:$B$1001,$AC36) -> 12 | AG36: =$AE36+ROW()/1000000 -> 48097
A37: Soft Toys | B37: =SUMIFS(Model!$N$2:$N$1001,Model!$L$2:$L$1001,$A37,Model!$L$2:$L$1001,$B$4,Model!$J$2:$J$1001,$B$3) -> 740831 | C37: =COUNTIFS(Model!$L$2:$L$1001,$A37,Model!$L$2:$L$1001,$B$4,Model!$J$2:$J$1001,$B$3) -> 166 | D37: =SUMIFS(Model!$D$2:$D$1001,Model!$L$2:$L$1001,$A37,Model!$L$2:$L$1001,$B$4,Model!$J$2:$J$1001,$B$3) -> 503 | E37: =IFERROR($B37/$C37,0) -> 4462.8373 | L37: 31 | M37: =INDEX(Products!$B$2:$B$71,MATCH($L37,Products!$A$2:$A$71,0)) -> Nihil Box | N37: =SUMIFS(Model!$N$2:$N$1001,Model!$J$2:$J$1001,$B$3,Model!$L$2:$L$1001,$B$4,Model!$C$2:$C$1001,$L37) -> 73964 | O37: =$N37+ROW()/1000000 -> 73964 | T37: Barasat | U37: =COUNTIFS(Model!$J$2:$J$1001,$B$3,Model!$L$2:$L$1001,$B$4,Model!$I$2:$I$1001,$T37) -> 4 | V37: =SUMIFS(Model!$N$2:$N$1001,Model!$J$2:$J$1001,$B$3,Model!$L$2:$L$1001,$B$4,Model!$I$2:$I$1001,$T37) -> 13565 | W37: =$U37+$V37/1000000000+ROW()/1000000000000 -> 4.0000136 | AC37: C031 | AD37: =INDEX(Customers!$B$2:$B$101,MATCH($AC37,Customers!$A$2:$A$101,0)) -> Madhup Wable | AE37: =SUMIFS(Model!$N$2:$N$1001,Model!$J$2:$J$1001,$B$3,Model!$L$2:$L$1001,$B$4,Model!$B$2:$B$1001,$AC37) -> 30814 | AF37: =COUNTIFS(Model!$J$2:$J$1001,$B$3,Model!$L$2:$L$1001,$B$4,Model!$B$2:$B$1001,$AC37) -> 9 | AG37: =$AE37+ROW()/1000000 -> 30814
A38: Sweets | B38: =SUMIFS(Model!$N$2:$N$1001,Model!$L$2:$L$1001,$A38,Model!$L$2:$L$1001,$B$4,Model!$J$2:$J$1001,$B$3) -> 733842 | C38: =COUNTIFS(Model!$L$2:$L$1001,$A38,Model!$L$2:$L$1001,$B$4,Model!$J$2:$J$1001,$B$3) -> 171 | D38: =SUMIFS(Model!$D$2:$D$1001,Model!$L$2:$L$1001,$A38,Model!$L$2:$L$1001,$B$4,Model!$J$2:$J$1001,$B$3) -> 541 | E38: =IFERROR($B38/$C38,0) -> 4291.4737 | L38: 32 | M38: =INDEX(Products!$B$2:$B$71,MATCH($L38,Products!$A$2:$A$71,0)) -> Fuga Set | N38: =SUMIFS(Model!$N$2:$N$1001,Model!$J$2:$J$1001,$B$3,Model!$L$2:$L$1001,$B$4,Model!$C$2:$C$1001,$L38) -> 80640 | O38: =$N38+ROW()/1000000 -> 80640 | T38: Bardhaman | U38: =COUNTIFS(Model!$J$2:$J$1001,$B$3,Model!$L$2:$L$1001,$B$4,Model!$I$2:$I$1001,$T38) -> 4 | V38: =SUMIFS(Model!$N$2:$N$1001,Model!$J$2:$J$1001,$B$3,Model!$L$2:$L$1001,$B$4,Model!$I$2:$I$1001,$T38) -> 11234 | W38: =$U38+$V38/1000000000+ROW()/1000000000000 -> 4.0000112 | AC38: C032 | AD38: =INDEX(Customers!$B$2:$B$101,MATCH($AC38,Customers!$A$2:$A$101,0)) -> Mannat Anand | AE38: =SUMIFS(Model!$N$2:$N$1001,Model!$J$2:$J$1001,$B$3,Model!$L$2:$L$1001,$B$4,Model!$B$2:$B$1001,$AC38) -> 49494 | AF38: =COUNTIFS(Model!$J$2:$J$1001,$B$3,Model!$L$2:$L$1001,$B$4,Model!$B$2:$B$1001,$AC38) -> 13 | AG38: =$AE38+ROW()/1000000 -> 49494
L39: 33 | M39: =INDEX(Products!$B$2:$B$71,MATCH($L39,Products!$A$2:$A$71,0)) -> Earum Set | N39: =SUMIFS(Model!$N$2:$N$1001,Model!$J$2:$J$1001,$B$3,Model!$L$2:$L$1001,$B$4,Model!$C$2:$C$1001,$L39) -> 13188 | O39: =$N39+ROW()/1000000 -> 13188 | T39: Bareilly | U39: =COUNTIFS(Model!$J$2:$J$1001,$B$3,Model!$L$2:$L$1001,$B$4,Model!$I$2:$I$1001,$T39) -> 9 | V39: =SUMIFS(Model!$N$2:$N$1001,Model!$J$2:$J$1001,$B$3,Model!$L$2:$L$1001,$B$4,Model!$I$2:$I$1001,$T39) -> 30626 | W39: =$U39+$V39/1000000000+ROW()/1000000000000 -> 9.0000306 | AC39: C033 | AD39: =INDEX(Customers!$B$2:$B$101,MATCH($AC39,Customers!$A$2:$A$101,0)) -> Suhana Kurian | AE39: =SUMIFS(Model!$N$2:$N$1001,Model!$J$2:$J$1001,$B$3,Model!$L$2:$L$1001,$B$4,Model!$B$2:$B$1001,$AC39) -> 32998 | AF39: =COUNTIFS(Model!$J$2:$J$1001,$B$3,Model!$L$2:$L$1001,$B$4,Model!$B$2:$B$1001,$AC39) -> 10 | AG39: =$AE39+ROW()/1000000 -> 32998
L40: 34 | M40: =INDEX(Products!$B$2:$B$71,MATCH($L40,Products!$A$2:$A$71,0)) -> Placeat Pack | N40: =SUMIFS(Model!$N$2:$N$1001,Model!$J$2:$J$1001,$B$3,Model!$L$2:$L$1001,$B$4,Model!$C$2:$C$1001,$L40) -> 53400 | O40: =$N40+ROW()/1000000 -> 53400 | T40: Bathinda | U40: =COUNTIFS(Model!$J$2:$J$1001,$B$3,Model!$L$2:$L$1001,$B$4,Model!$I$2:$I$1001,$T40) -> 3 | V40: =SUMIFS(Model!$N$2:$N$1001,Model!$J$2:$J$1001,$B$3,Model!$L$2:$L$1001,$B$4,Model!$I$2:$I$1001,$T40) -> 6390 | W40: =$U40+$V40/1000000000+ROW()/1000000000000 -> 3.0000064 | AC40: C034 | AD40: =INDEX(Customers!$B$2:$B$101,MATCH($AC40,Customers!$A$2:$A$101,0)) -> Hridaan Sood | AE40: =SUMIFS(Model!$N$2:$N$1001,Model!$J$2:$J$1001,$B$3,Model!$L$2:$L$1001,$B$4,Model!$B$2:$B$1001,$AC40) -> 33618 | AF40: =COUNTIFS(Model!$J$2:$J$1001,$B$3,Model!$L$2:$L$1001,$B$4,Model!$B$2:$B$1001,$AC40) -> 7 | AG40: =$AE40+ROW()/1000000 -> 33618
A41: Revenue by hour of order | L41: 35 | M41: =INDEX(Products!$B$2:$B$71,MATCH($L41,Products!$A$2:$A$71,0)) -> Nam Gift | N41: =SUMIFS(Model!$N$2:$N$1001,Model!$J$2:$J$1001,$B$3,Model!$L$2:$L$1001,$B$4,Model!$C$2:$C$1001,$L41) -> 91385 | O41: =$N41+ROW()/1000000 -> 91385 | T41: Begusarai | U41: =COUNTIFS(Model!$J$2:$J$1001,$B$3,Model!$L$2:$L$1001,$B$4,Model!$I$2:$I$1001,$T41) -> 3 | V41: =SUMIFS(Model!$N$2:$N$1001,Model!$J$2:$J$1001,$B$3,Model!$L$2:$L$1001,$B$4,Model!$I$2:$I$1001,$T41) -> 15425 | W41: =$U41+$V41/1000000000+ROW()/1000000000000 -> 3.0000154 | AC41: C035 | AD41: =INDEX(Customers!$B$2:$B$101,MATCH($AC41,Customers!$A$2:$A$101,0)) -> Ira Sarna | AE41: =SUMIFS(Model!$N$2:$N$1001,Model!$J$2:$J$1001,$B$3,Model!$L$2:$L$1001,$B$4,Model!$B$2:$B$1001,$AC41) -> 23064 | AF41: =COUNTIFS(Model!$J$2:$J$1001,$B$3,Model!$L$2:$L$1001,$B$4,Model!$B$2:$B$1001,$AC41) -> 10 | AG41: =$AE41+ROW()/1000000 -> 23064
A42: 00:00 | B42: =SUMIFS(Model!$N$2:$N$1001,Model!$J$2:$J$1001,$B$3,Model!$L$2:$L$1001,$B$4,Model!$T$2:$T$1001,0) -> 99400 | C42: =COUNTIFS(Model!$J$2:$J$1001,$B$3,Model!$L$2:$L$1001,$B$4,Model!$T$2:$T$1001,0) -> 33 | L42: 36 | M42: =INDEX(Products!$B$2:$B$71,MATCH($L42,Products!$A$2:$A$71,0)) -> Cum Gift | N42: =SUMIFS(Model!$N$2:$N$1001,Model!$J$2:$J$1001,$B$3,Model!$L$2:$L$1001,$B$4,Model!$C$2:$C$1001,$L42) -> 7714 | O42: =$N42+ROW()/1000000 -> 7714 | T42: Belgaum | U42: =COUNTIFS(Model!$J$2:$J$1001,$B$3,Model!$L$2:$L$1001,$B$4,Model!$I$2:$I$1001,$T42) -> 5 | V42: =SUMIFS(Model!$N$2:$N$1001,Model!$J$2:$J$1001,$B$3,Model!$L$2:$L$1001,$B$4,Model!$I$2:$I$1001,$T42) -> 21569 | W42: =$U42+$V42/1000000000+ROW()/1000000000000 -> 5.0000216 | AC42: C036 | AD42: =INDEX(Customers!$B$2:$B$101,MATCH($AC42,Customers!$A$2:$A$101,0)) -> Biju Bajwa | AE42: =SUMIFS(Model!$N$2:$N$1001,Model!$J$2:$J$1001,$B$3,Model!$L$2:$L$1001,$B$4,Model!$B$2:$B$1001,$AC42) -> 34644 | AF42: =COUNTIFS(Model!$J$2:$J$1001,$B$3,Model!$L$2:$L$1001,$B$4,Model!$B$2:$B$1001,$AC42) -> 9 | AG42: =$AE42+ROW()/1000000 -> 34644
A43: 01:00 | B43: =SUMIFS(Model!$N$2:$N$1001,Model!$J$2:$J$1001,$B$3,Model!$L$2:$L$1001,$B$4,Model!$T$2:$T$1001,1) -> 129309 | C43: =COUNTIFS(Model!$J$2:$J$1001,$B$3,Model!$L$2:$L$1001,$B$4,Model!$T$2:$T$1001,1) -> 39 | L43: 37 | M43: =INDEX(Products!$B$2:$B$71,MATCH($L43,Products!$A$2:$A$71,0)) -> Officiis Pack | N43: =SUMIFS(Model!$N$2:$N$1001,Model!$J$2:$J$1001,$B$3,Model!$L$2:$L$1001,$B$4,Model!$C$2:$C$1001,$L43) -> 45696 | O43: =$N43+ROW()/1000000 -> 45696 | T43: Bellary | U43: =COUNTIFS(Model!$J$2:$J$1001,$B$3,Model!$L$2:$L$1001,$B$4,Model!$I$2:$I$1001,$T43) -> 5 | V43: =SUMIFS(Model!$N$2:$N$1001,Model!$J$2:$J$1001,$B$3,Model!$L$2:$L$1001,$B$4,Model!$I$2:$I$1001,$T43) -> 27468 | W43: =$U43+$V43/1000000000+ROW()/1000000000000 -> 5.0000275 | AC43: C037 | AD43: =INDEX(Customers!$B$2:$B$101,MATCH($AC43,Customers!$A$2:$A$101,0)) -> Aradhya Kumar | AE43: =SUMIFS(Model!$N$2:$N$1001,Model!$J$2:$J$1001,$B$3,Model!$L$2:$L$1001,$B$4,Model!$B$2:$B$1001,$AC43) -> 35693 | AF43: =COUNTIFS(Model!$J$2:$J$1001,$B$3,Model!$L$2:$L$1001,$B$4,Model!$B$2:$B$1001,$AC43) -> 10 | AG43: =$AE43+ROW()/1000000 -> 35693
A44: 02:00 | B44: =SUMIFS(Model!$N$2:$N$1001,Model!$J$2:$J$1001,$B$3,Model!$L$2:$L$1001,$B$4,Model!$T$2:$T$1001,2) -> 152940 | C44: =COUNTIFS(Model!$J$2:$J$1001,$B$3,Model!$L$2:$L$1001,$B$4,Model!$T$2:$T$1001,2) -> 42 | L44: 38 | M44: =INDEX(Products!$B$2:$B$71,MATCH($L44,Products!$A$2:$A$71,0)) -> Mollitia Set | N44: =SUMIFS(Model!$N$2:$N$1001,Model!$J$2:$J$1001,$B$3,Model!$L$2:$L$1001,$B$4,Model!$C$2:$C$1001,$L44) -> 19670 | O44: =$N44+ROW()/1000000 -> 19670 | T44: Berhampore | U44: =COUNTIFS(Model!$J$2:$J$1001,$B$3,Model!$L$2:$L$1001,$B$4,Model!$I$2:$I$1001,$T44) -> 3 | V44: =SUMIFS(Model!$N$2:$N$1001,Model!$J$2:$J$1001,$B$3,Model!$L$2:$L$1001,$B$4,Model!$I$2:$I$1001,$T44) -> 16500 | W44: =$U44+$V44/1000000000+ROW()/1000000000000 -> 3.0000165 | AC44: C038 | AD44: =INDEX(Customers!$B$2:$B$101,MATCH($AC44,Customers!$A$2:$A$101,0)) -> Yakshit Shah | AE44: =SUMIFS(Model!$N$2:$N$1001,Model!$J$2:$J$1001,$B$3,Model!$L$2:$L$1001,$B$4,Model!$B$2:$B$1001,$AC44) -> 40160 | AF44: =COUNTIFS(Model!$J$2:$J$1001,$B$3,Model!$L$2:$L$1001,$B$4,Model!$B$2:$B$1001,$AC44) -> 13 | AG44: =$AE44+ROW()/1000000 -> 40160
A45: 03:00 | B45: =SUMIFS(Model!$N$2:$N$1001,Model!$J$2:$J$1001,$B$3,Model!$L$2:$L$1001,$B$4,Model!$T$2:$T$1001,3) -> 146810 | C45: =COUNTIFS(Model!$J$2:$J$1001,$B$3,Model!$L$2:$L$1001,$B$4,Model!$T$2:$T$1001,3) -> 39 | L45: 39 | M45: =INDEX(Products!$B$2:$B$71,MATCH($L45,Products!$A$2:$A$71,0)) -> Voluptate Set | N45: =SUMIFS(Model!$N$2:$N$1001,Model!$J$2:$J$1001,$B$3,Model!$L$2:$L$1001,$B$4,Model!$C$2:$C$1001,$L45) -> 11610 | O45: =$N45+ROW()/1000000 -> 11610 | T45: Berhampur | U45: =COUNTIFS(Model!$J$2:$J$1001,$B$3,Model!$L$2:$L$1001,$B$4,Model!$I$2:$I$1001,$T45) -> 3 | V45: =SUMIFS(Model!$N$2:$N$1001,Model!$J$2:$J$1001,$B$3,Model!$L$2:$L$1001,$B$4,Model!$I$2:$I$1001,$T45) -> 10832 | W45: =$U45+$V45/1000000000+ROW()/1000000000000 -> 3.0000108 | AC45: C039 | AD45: =INDEX(Customers!$B$2:$B$101,MATCH($AC45,Customers!$A$2:$A$101,0)) -> Kaira Bahl | AE45: =SUMIFS(Model!$N$2:$N$1001,Model!$J$2:$J$1001,$B$3,Model!$L$2:$L$1001,$B$4,Model!$B$2:$B$1001,$AC45) -> 30237 | AF45: =COUNTIFS(Model!$J$2:$J$1001,$B$3,Model!$L$2:$L$1001,$B$4,Model!$B$2:$B$1001,$AC45) -> 7 | AG45: =$AE45+ROW()/1000000 -> 30237
A46: 04:00 | B46: =SUMIFS(Model!$N$2:$N$1001,Model!$J$2:$J$1001,$B$3,Model!$L$2:$L$1001,$B$4,Model!$T$2:$T$1001,4) -> 114700 | C46: =COUNTIFS(Model!$J$2:$J$1001,$B$3,Model!$L$2:$L$1001,$B$4,Model!$T$2:$T$1001,4) -> 29 | L46: 40 | M46: =INDEX(Products!$B$2:$B$71,MATCH($L46,Products!$A$2:$A$71,0)) -> Provident Pack | N46: =SUMIFS(Model!$N$2:$N$1001,Model!$J$2:$J$1001,$B$3,Model!$L$2:$L$1001,$B$4,Model!$C$2:$C$1001,$L46) -> 84612 | O46: =$N46+ROW()/1000000 -> 84612 | T46: Bettiah | U46: =COUNTIFS(Model!$J$2:$J$1001,$B$3,Model!$L$2:$L$1001,$B$4,Model!$I$2:$I$1001,$T46) -> 1 | V46: =SUMIFS(Model!$N$2:$N$1001,Model!$J$2:$J$1001,$B$3,Model!$L$2:$L$1001,$B$4,Model!$I$2:$I$1001,$T46) -> 6260 | W46: =$U46+$V46/1000000000+ROW()/1000000000000 -> 1.0000063 | AC46: C040 | AD46: =INDEX(Customers!$B$2:$B$101,MATCH($AC46,Customers!$A$2:$A$101,0)) -> Hazel Mangat | AE46: =SUMIFS(Model!$N$2:$N$1001,Model!$J$2:$J$1001,$B$3,Model!$L$2:$L$1001,$B$4,Model!$B$2:$B$1001,$AC46) -> 41660 | AF46: =COUNTIFS(Model!$J$2:$J$1001,$B$3,Model!$L$2:$L$1001,$B$4,Model!$B$2:$B$1001,$AC46) -> 11 | AG46: =$AE46+ROW()/1000000 -> 41660
A47: 05:00 | B47: =SUMIFS(Model!$N$2:$N$1001,Model!$J$2:$J$1001,$B$3,Model!$L$2:$L$1001,$B$4,Model!$T$2:$T$1001,5) -> 156198 | C47: =COUNTIFS(Model!$J$2:$J$1001,$B$3,Model!$L$2:$L$1001,$B$4,Model!$T$2:$T$1001,5) -> 43 | L47: 41 | M47: =INDEX(Products!$B$2:$B$71,MATCH($L47,Products!$A$2:$A$71,0)) -> Aut Box | N47: =SUMIFS(Model!$N$2:$N$1001,Model!$J$2:$J$1001,$B$3,Model!$L$2:$L$1001,$B$4,Model!$C$2:$C$1001,$L47) -> 81057 | O47: =$N47+ROW()/1000000 -> 81057 | T47: Bhagalpur | U47: =COUNTIFS(Model!$J$2:$J$1001,$B$3,Model!$L$2:$L$1001,$B$4,Model!$I$2:$I$1001,$T47) -> 1 | V47: =SUMIFS(Model!$N$2:$N$1001,Model!$J$2:$J$1001,$B$3,Model!$L$2:$L$1001,$B$4,Model!$I$2:$I$1001,$T47) -> 3442 | W47: =$U47+$V47/1000000000+ROW()/1000000000000 -> 1.0000034 | AC47: C041 | AD47: =INDEX(Customers!$B$2:$B$101,MATCH($AC47,Customers!$A$2:$A$101,0)) -> Rati Dhingra | AE47: =SUMIFS(Model!$N$2:$N$1001,Model!$J$2:$J$1001,$B$3,Model!$L$2:$L$1001,$B$4,Model!$B$2:$B$1001,$AC47) -> 41595 | AF47: =COUNTIFS(Model!$J$2:$J$1001,$B$3,Model!$L$2:$L$1001,$B$4,Model!$B$2:$B$1001,$AC47) -> 13 | AG47: =$AE47+ROW()/1000000 -> 41595
A48: 06:00 | B48: =SUMIFS(Model!$N$2:$N$1001,Model!$J$2:$J$1001,$B$3,Model!$L$2:$L$1001,$B$4,Model!$T$2:$T$1001,6) -> 177211 | C48: =COUNTIFS(Model!$J$2:$J$1001,$B$3,Model!$L$2:$L$1001,$B$4,Model!$T$2:$T$1001,6) -> 45 | L48: 42 | M48: =INDEX(Products!$B$2:$B$71,MATCH($L48,Products!$A$2:$A$71,0)) -> Expedita Gift | N48: =SUMIFS(Model!$N$2:$N$1001,Model!$J$2:$J$1001,$B$3,Model!$L$2:$L$1001,$B$4,Model!$C$2:$C$1001,$L48) -> 88944 | O48: =$N48+ROW()/1000000 -> 88944 | T48: Bhalswa Jahangir Pur | U48: =COUNTIFS(Model!$J$2:$J$1001,$B$3,Model!$L$2:$L$1001,$B$4,Model!$I$2:$I$1001,$T48) -> 5 | V48: =SUMIFS(Model!$N$2:$N$1001,Model!$J$2:$J$1001,$B$3,Model!$L$2:$L$1001,$B$4,Model!$I$2:$I$1001,$T48) -> 13433 | W48: =$U48+$V48/1000000000+ROW()/1000000000000 -> 5.0000134 | AC48: C042 | AD48: =INDEX(Customers!$B$2:$B$101,MATCH($AC48,Customers!$A$2:$A$101,0)) -> Eshani Sharma | AE48: =SUMIFS(Model!$N$2:$N$1001,Model!$J$2:$J$1001,$B$3,Model!$L$2:$L$1001,$B$4,Model!$B$2:$B$1001,$AC48) -> 28243 | AF48: =COUNTIFS(Model!$J$2:$J$1001,$B$3,Model!$L$2:$L$1001,$B$4,Model!$B$2:$B$1001,$AC48) -> 9 | AG48: =$AE48+ROW()/1000000 -> 28243
A49: 07:00 | B49: =SUMIFS(Model!$N$2:$N$1001,Model!$J$2:$J$1001,$B$3,Model!$L$2:$L$1001,$B$4,Model!$T$2:$T$1001,7) -> 147749 | C49: =COUNTIFS(Model!$J$2:$J$1001,$B$3,Model!$L$2:$L$1001,$B$4,Model!$T$2:$T$1001,7) -> 51 | L49: 43 | M49: =INDEX(Products!$B$2:$B$71,MATCH($L49,Products!$A$2:$A$71,0)) -> Quisquam Pack | N49: =SUMIFS(Model!$N$2:$N$1001,Model!$J$2:$J$1001,$B$3,Model!$L$2:$L$1001,$B$4,Model!$C$2:$C$1001,$L49) -> 42000 | O49: =$N49+ROW()/1000000 -> 42000 | T49: Bharatpur | U49: =COUNTIFS(Model!$J$2:$J$1001,$B$3,Model!$L$2:$L$1001,$B$4,Model!$I$2:$I$1001,$T49) -> 5 | V49: =SUMIFS(Model!$N$2:$N$1001,Model!$J$2:$J$1001,$B$3,Model!$L$2:$L$1001,$B$4,Model!$I$2:$I$1001,$T49) -> 21974 | W49: =$U49+$V49/1000000000+ROW()/1000000000000 -> 5.000022 | AC49: C043 | AD49: =INDEX(Customers!$B$2:$B$101,MATCH($AC49,Customers!$A$2:$A$101,0)) -> Yasmin Sheth | AE49: =SUMIFS(Model!$N$2:$N$1001,Model!$J$2:$J$1001,$B$3,Model!$L$2:$L$1001,$B$4,Model!$B$2:$B$1001,$AC49) -> 28053 | AF49: =COUNTIFS(Model!$J$2:$J$1001,$B$3,Model!$L$2:$L$1001,$B$4,Model!$B$2:$B$1001,$AC49) -> 7 | AG49: =$AE49+ROW()/1000000 -> 28053
A50: 08:00 | B50: =SUMIFS(Model!$N$2:$N$1001,Model!$J$2:$J$1001,$B$3,Model!$L$2:$L$1001,$B$4,Model!$T$2:$T$1001,8) -> 133617 | C50: =COUNTIFS(Model!$J$2:$J$1001,$B$3,Model!$L$2:$L$1001,$B$4,Model!$T$2:$T$1001,8) -> 34 | L50: 44 | M50: =INDEX(Products!$B$2:$B$71,MATCH($L50,Products!$A$2:$A$71,0)) -> Dolorum Set | N50: =SUMIFS(Model!$N$2:$N$1001,Model!$J$2:$J$1001,$B$3,Model!$L$2:$L$1001,$B$4,Model!$C$2:$C$1001,$L50) -> 34936 | O50: =$N50+ROW()/1000000 -> 34936 | T50: Bhatpara | U50: =COUNTIFS(Model!$J$2:$J$1001,$B$3,Model!$L$2:$L$1001,$B$4,Model!$I$2:$I$1001,$T50) -> 4 | V50: =SUMIFS(Model!$N$2:$N$1001,Model!$J$2:$J$1001,$B$3,Model!$L$2:$L$1001,$B$4,Model!$I$2:$I$1001,$T50) -> 6780 | W50: =$U50+$V50/1000000000+ROW()/1000000000000 -> 4.0000068 | AC50: C044 | AD50: =INDEX(Customers!$B$2:$B$101,MATCH($AC50,Customers!$A$2:$A$101,0)) -> Seher Mann | AE50: =SUMIFS(Model!$N$2:$N$1001,Model!$J$2:$J$1001,$B$3,Model!$L$2:$L$1001,$B$4,Model!$B$2:$B$1001,$AC50) -> 70409 | AF50: =COUNTIFS(Model!$J$2:$J$1001,$B$3,Model!$L$2:$L$1001,$B$4,Model!$B$2:$B$1001,$AC50) -> 17 | AG50: =$AE50+ROW()/1000000 -> 70409
A51: 09:00 | B51: =SUMIFS(Model!$N$2:$N$1001,Model!$J$2:$J$1001,$B$3,Model!$L$2:$L$1001,$B$4,Model!$T$2:$T$1001,9) -> 153678 | C51: =COUNTIFS(Model!$J$2:$J$1001,$B$3,Model!$L$2:$L$1001,$B$4,Model!$T$2:$T$1001,9) -> 49 | L51: 45 | M51: =INDEX(Products!$B$2:$B$71,MATCH($L51,Products!$A$2:$A$71,0)) -> Iusto Set | N51: =SUMIFS(Model!$N$2:$N$1001,Model!$J$2:$J$1001,$B$3,Model!$L$2:$L$1001,$B$4,Model!$C$2:$C$1001,$L51) -> 30324 | O51: =$N51+ROW()/1000000 -> 30324 | T51: Bhavnagar | U51: =COUNTIFS(Model!$J$2:$J$1001,$B$3,Model!$L$2:$L$1001,$B$4,Model!$I$2:$I$1001,$T51) -> 6 | V51: =SUMIFS(Model!$N$2:$N$1001,Model!$J$2:$J$1001,$B$3,Model!$L$2:$L$1001,$B$4,Model!$I$2:$I$1001,$T51) -> 17024 | W51: =$U51+$V51/1000000000+ROW()/1000000000000 -> 6.000017 | AC51: C045 | AD51: =INDEX(Customers!$B$2:$B$101,MATCH($AC51,Customers!$A$2:$A$101,0)) -> Divit Mahajan | AE51: =SUMIFS(Model!$N$2:$N$1001,Model!$J$2:$J$1001,$B$3,Model!$L$2:$L$1001,$B$4,Model!$B$2:$B$1001,$AC51) -> 61294 | AF51: =COUNTIFS(Model!$J$2:$J$1001,$B$3,Model!$L$2:$L$1001,$B$4,Model!$B$2:$B$1001,$AC51) -> 15 | AG51: =$AE51+ROW()/1000000 -> 61294
A52: 10:00 | B52: =SUMIFS(Model!$N$2:$N$1001,Model!$J$2:$J$1001,$B$3,Model!$L$2:$L$1001,$B$4,Model!$T$2:$T$1001,10) -> 94985 | C52: =COUNTIFS(Model!$J$2:$J$1001,$B$3,Model!$L$2:$L$1001,$B$4,Model!$T$2:$T$1001,10) -> 29 | L52: 46 | M52: =INDEX(Products!$B$2:$B$71,MATCH($L52,Products!$A$2:$A$71,0)) -> Pariatur Set | N52: =SUMIFS(Model!$N$2:$N$1001,Model!$J$2:$J$1001,$B$3,Model!$L$2:$L$1001,$B$4,Model!$C$2:$C$1001,$L52) -> 30320 | O52: =$N52+ROW()/1000000 -> 30320 | T52: Bhilai | U52: =COUNTIFS(Model!$J$2:$J$1001,$B$3,Model!$L$2:$L$1001,$B$4,Model!$I$2:$I$1001,$T52) -> 8 | V52: =SUMIFS(Model!$N$2:$N$1001,Model!$J$2:$J$1001,$B$3,Model!$L$2:$L$1001,$B$4,Model!$I$2:$I$1001,$T52) -> 36141 | W52: =$U52+$V52/1000000000+ROW()/1000000000000 -> 8.0000361 | AC52: C046 | AD52: =INDEX(Customers!$B$2:$B$101,MATCH($AC52,Customers!$A$2:$A$101,0)) -> Tara Kannan | AE52: =SUMIFS(Model!$N$2:$N$1001,Model!$J$2:$J$1001,$B$3,Model!$L$2:$L$1001,$B$4,Model!$B$2:$B$1001,$AC52) -> 29150 | AF52: =COUNTIFS(Model!$J$2:$J$1001,$B$3,Model!$L$2:$L$1001,$B$4,Model!$B$2:$B$1001,$AC52) -> 14 | AG52: =$AE52+ROW()/1000000 -> 29150
A53: 11:00 | B53: =SUMIFS(Model!$N$2:$N$1001,Model!$J$2:$J$1001,$B$3,Model!$L$2:$L$1001,$B$4,Model!$T$2:$T$1001,11) -> 130287 | C53: =COUNTIFS(Model!$J$2:$J$1001,$B$3,Model!$L$2:$L$1001,$B$4,Model!$T$2:$T$1001,11) -> 35 | L53: 47 | M53: =INDEX(Products!$B$2:$B$71,MATCH($L53,Products!$A$2:$A$71,0)) -> Harum Pack | N53: =SUMIFS(Model!$N$2:$N$1001,Model!$J$2:$J$1001,$B$3,Model!$L$2:$L$1001,$B$4,Model!$C$2:$C$1001,$L53) -> 101556 | O53: =$N53+ROW()/1000000 -> 101556 | T53: Bhilwara | U53: =COUNTIFS(Model!$J$2:$J$1001,$B$3,Model!$L$2:$L$1001,$B$4,Model!$I$2:$I$1001,$T53) -> 4 | V53: =SUMIFS(Model!$N$2:$N$1001,Model!$J$2:$J$1001,$B$3,Model!$L$2:$L$1001,$B$4,Model!$I$2:$I$1001,$T53) -> 23434 | W53: =$U53+$V53/1000000000+ROW()/1000000000000 -> 4.0000234 | AC53: C047 | AD53: =INDEX(Customers!$B$2:$B$101,MATCH($AC53,Customers!$A$2:$A$101,0)) -> Bhamini Ravi | AE53: =SUMIFS(Model!$N$2:$N$1001,Model!$J$2:$J$1001,$B$3,Model!$L$2:$L$1001,$B$4,Model!$B$2:$B$1001,$AC53) -> 28829 | AF53: =COUNTIFS(Model!$J$2:$J$1001,$B$3,Model!$L$2:$L$1001,$B$4,Model!$B$2:$B$1001,$AC53) -> 12 | AG53: =$AE53+ROW()/1000000 -> 28829
A54: 12:00 | B54: =SUMIFS(Model!$N$2:$N$1001,Model!$J$2:$J$1001,$B$3,Model!$L$2:$L$1001,$B$4,Model!$T$2:$T$1001,12) -> 162394 | C54: =COUNTIFS(Model!$J$2:$J$1001,$B$3,Model!$L$2:$L$1001,$B$4,Model!$T$2:$T$1001,12) -> 43 | L54: 48 | M54: =INDEX(Products!$B$2:$B$71,MATCH($L54,Products!$A$2:$A$71,0)) -> Maiores Gift | N54: =SUMIFS(Model!$N$2:$N$1001,Model!$J$2:$J$1001,$B$3,Model!$L$2:$L$1001,$B$4,Model!$C$2:$C$1001,$L54) -> 12557 | O54: =$N54+ROW()/1000000 -> 12557 | T54: Bhimavaram | U54: =COUNTIFS(Model!$J$2:$J$1001,$B$3,Model!$L$2:$L$1001,$B$4,Model!$I$2:$I$1001,$T54) -> 2 | V54: =SUMIFS(Model!$N$2:$N$1001,Model!$J$2:$J$1001,$B$3,Model!$L$2:$L$1001,$B$4,Model!$I$2:$I$1001,$T54) -> 9620 | W54: =$U54+$V54/1000000000+ROW()/1000000000000 -> 2.0000096 | AC54: C048 | AD54: =INDEX(Customers!$B$2:$B$101,MATCH($AC54,Customers!$A$2:$A$101,0)) -> Aradhya Kale | AE54: =SUMIFS(Model!$N$2:$N$1001,Model!$J$2:$J$1001,$B$3,Model!$L$2:$L$1001,$B$4,Model!$B$2:$B$1001,$AC54) -> 24465 | AF54: =COUNTIFS(Model!$J$2:$J$1001,$B$3,Model!$L$2:$L$1001,$B$4,Model!$B$2:$B$1001,$AC54) -> 9 | AG54: =$AE54+ROW()/1000000 -> 24465
A55: 13:00 | B55: =SUMIFS(Model!$N$2:$N$1001,Model!$J$2:$J$1001,$B$3,Model!$L$2:$L$1001,$B$4,Model!$T$2:$T$1001,13) -> 152340 | C55: =COUNTIFS(Model!$J$2:$J$1001,$B$3,Model!$L$2:$L$1001,$B$4,Model!$T$2:$T$1001,13) -> 39 | L55: 49 | M55: =INDEX(Products!$B$2:$B$71,MATCH($L55,Products!$A$2:$A$71,0)) -> Voluptate Pack | N55: =SUMIFS(Model!$N$2:$N$1001,Model!$J$2:$J$1001,$B$3,Model!$L$2:$L$1001,$B$4,Model!$C$2:$C$1001,$L55) -> 51471 | O55: =$N55+ROW()/1000000 -> 51471 | T55: Bhind | U55: =COUNTIFS(Model!$J$2:$J$1001,$B$3,Model!$L$2:$L$1001,$B$4,Model!$I$2:$I$1001,$T55) -> 2 | V55: =SUMIFS(Model!$N$2:$N$1001,Model!$J$2:$J$1001,$B$3,Model!$L$2:$L$1001,$B$4,Model!$I$2:$I$1001,$T55) -> 11236 | W55: =$U55+$V55/1000000000+ROW()/1000000000000 -> 2.0000112 | AC55: C049 | AD55: =INDEX(Customers!$B$2:$B$101,MATCH($AC55,Customers!$A$2:$A$101,0)) -> Aarush Balasubramanian | AE55: =SUMIFS(Model!$N$2:$N$1001,Model!$J$2:$J$1001,$B$3,Model!$L$2:$L$1001,$B$4,Model!$B$2:$B$1001,$AC55) -> 38936 | AF55: =COUNTIFS(Model!$J$2:$J$1001,$B$3,Model!$L$2:$L$1001,$B$4,Model!$B$2:$B$1001,$AC55) -> 8 | AG55: =$AE55+ROW()/1000000 -> 38936
A56: 14:00 | B56: =SUMIFS(Model!$N$2:$N$1001,Model!$J$2:$J$1001,$B$3,Model!$L$2:$L$1001,$B$4,Model!$T$2:$T$1001,14) -> 126406 | C56: =COUNTIFS(Model!$J$2:$J$1001,$B$3,Model!$L$2:$L$1001,$B$4,Model!$T$2:$T$1001,14) -> 42 | L56: 50 | M56: =INDEX(Products!$B$2:$B$71,MATCH($L56,Products!$A$2:$A$71,0)) -> Eligendi Set | N56: =SUMIFS(Model!$N$2:$N$1001,Model!$J$2:$J$1001,$B$3,Model!$L$2:$L$1001,$B$4,Model!$C$2:$C$1001,$L56) -> 16880 | O56: =$N56+ROW()/1000000 -> 16880 | T56: Bhiwandi | U56: =COUNTIFS(Model!$J$2:$J$1001,$B$3,Model!$L$2:$L$1001,$B$4,Model!$I$2:$I$1001,$T56) -> 2 | V56: =SUMIFS(Model!$N$2:$N$1001,Model!$J$2:$J$1001,$B$3,Model!$L$2:$L$1001,$B$4,Model!$I$2:$I$1001,$T56) -> 8156 | W56: =$U56+$V56/1000000000+ROW()/1000000000000 -> 2.0000082 | AC56: C050 | AD56: =INDEX(Customers!$B$2:$B$101,MATCH($AC56,Customers!$A$2:$A$101,0)) -> Chirag Srinivas | AE56: =SUMIFS(Model!$N$2:$N$1001,Model!$J$2:$J$1001,$B$3,Model!$L$2:$L$1001,$B$4,Model!$B$2:$B$1001,$AC56) -> 40896 | AF56: =COUNTIFS(Model!$J$2:$J$1001,$B$3,Model!$L$2:$L$1001,$B$4,Model!$B$2:$B$1001,$AC56) -> 11 | AG56: =$AE56+ROW()/1000000 -> 40896
A57: 15:00 | B57: =SUMIFS(Model!$N$2:$N$1001,Model!$J$2:$J$1001,$B$3,Model!$L$2:$L$1001,$B$4,Model!$T$2:$T$1001,15) -> 163586 | C57: =COUNTIFS(Model!$J$2:$J$1001,$B$3,Model!$L$2:$L$1001,$B$4,Model!$T$2:$T$1001,15) -> 47 | L57: 51 | M57: =INDEX(Products!$B$2:$B$71,MATCH($L57,Products!$A$2:$A$71,0)) -> Fugit Set | N57: =SUMIFS(Model!$N$2:$N$1001,Model!$J$2:$J$1001,$B$3,Model!$L$2:$L$1001,$B$4,Model!$C$2:$C$1001,$L57) -> 68292 | O57: =$N57+ROW()/1000000 -> 68292 | T57: Bhiwani | U57: =COUNTIFS(Model!$J$2:$J$1001,$B$3,Model!$L$2:$L$1001,$B$4,Model!$I$2:$I$1001,$T57) -> 1 | V57: =SUMIFS(Model!$N$2:$N$1001,Model!$J$2:$J$1001,$B$3,Model!$L$2:$L$1001,$B$4,Model!$I$2:$I$1001,$T57) -> 8720 | W57: =$U57+$V57/1000000000+ROW()/1000000000000 -> 1.0000087 | AC57: C051 | AD57: =INDEX(Customers!$B$2:$B$101,MATCH($AC57,Customers!$A$2:$A$101,0)) -> Aradhya Batta | AE57: =SUMIFS(Model!$N$2:$N$1001,Model!$J$2:$J$1001,$B$3,Model!$L$2:$L$1001,$B$4,Model!$B$2:$B$1001,$AC57) -> 50856 | AF57: =COUNTIFS(Model!$J$2:$J$1001,$B$3,Model!$L$2:$L$1001,$B$4,Model!$B$2:$B$1001,$AC57) -> 14 | AG57: =$AE57+ROW()/1000000 -> 50856
A58: 16:00 | B58: =SUMIFS(Model!$N$2:$N$1001,Model!$J$2:$J$1001,$B$3,Model!$L$2:$L$1001,$B$4,Model!$T$2:$T$1001,16) -> 128797 | C58: =COUNTIFS(Model!$J$2:$J$1001,$B$3,Model!$L$2:$L$1001,$B$4,Model!$T$2:$T$1001,16) -> 38 | L58: 52 | M58: =INDEX(Products!$B$2:$B$71,MATCH($L58,Products!$A$2:$A$71,0)) -> Dolorum Box | N58: =SUMIFS(Model!$N$2:$N$1001,Model!$J$2:$J$1001,$B$3,Model!$L$2:$L$1001,$B$4,Model!$C$2:$C$1001,$L58) -> 8024 | O58: =$N58+ROW()/1000000 -> 8024.0001 | T58: Bhopal | U58: =COUNTIFS(Model!$J$2:$J$1001,$B$3,Model!$L$2:$L$1001,$B$4,Model!$I$2:$I$1001,$T58) -> 2 | V58: =SUMIFS(Model!$N$2:$N$1001,Model!$J$2:$J$1001,$B$3,Model!$L$2:$L$1001,$B$4,Model!$I$2:$I$1001,$T58) -> 13182 | W58: =$U58+$V58/1000000000+ROW()/1000000000000 -> 2.0000132 | AC58: C052 | AD58: =INDEX(Customers!$B$2:$B$101,MATCH($AC58,Customers!$A$2:$A$101,0)) -> Vardaniya Apte | AE58: =SUMIFS(Model!$N$2:$N$1001,Model!$J$2:$J$1001,$B$3,Model!$L$2:$L$1001,$B$4,Model!$B$2:$B$1001,$AC58) -> 40731 | AF58: =COUNTIFS(Model!$J$2:$J$1001,$B$3,Model!$L$2:$L$1001,$B$4,Model!$B$2:$B$1001,$AC58) -> 11 | AG58: =$AE58+ROW()/1000000 -> 40731
A59: 17:00 | B59: =SUMIFS(Model!$N$2:$N$1001,Model!$J$2:$J$1001,$B$3,Model!$L$2:$L$1001,$B$4,Model!$T$2:$T$1001,17) -> 155373 | C59: =COUNTIFS(Model!$J$2:$J$1001,$B$3,Model!$L$2:$L$1001,$B$4,Model!$T$2:$T$1001,17) -> 43 | L59: 53 | M59: =INDEX(Products!$B$2:$B$71,MATCH($L59,Products!$A$2:$A$71,0)) -> Ipsam Set | N59: =SUMIFS(Model!$N$2:$N$1001,Model!$J$2:$J$1001,$B$3,Model!$L$2:$L$1001,$B$4,Model!$C$2:$C$1001,$L59) -> 85272 | O59: =$N59+ROW()/1000000 -> 85272 | T59: Bhubaneswar | U59: =COUNTIFS(Model!$J$2:$J$1001,$B$3,Model!$L$2:$L$1001,$B$4,Model!$I$2:$I$1001,$T59) -> 4 | V59: =SUMIFS(Model!$N$2:$N$1001,Model!$J$2:$J$1001,$B$3,Model!$L$2:$L$1001,$B$4,Model!$I$2:$I$1001,$T59) -> 12167 | W59: =$U59+$V59/1000000000+ROW()/1000000000000 -> 4.0000122 | AC59: C053 | AD59: =INDEX(Customers!$B$2:$B$101,MATCH($AC59,Customers!$A$2:$A$101,0)) -> Kismat Kapadia | AE59: =SUMIFS(Model!$N$2:$N$1001,Model!$J$2:$J$1001,$B$3,Model!$L$2:$L$1001,$B$4,Model!$B$2:$B$1001,$AC59) -> 32732 | AF59: =COUNTIFS(Model!$J$2:$J$1001,$B$3,Model!$L$2:$L$1001,$B$4,Model!$B$2:$B$1001,$AC59) -> 12 | AG59: =$AE59+ROW()/1000000 -> 32732
A60: 18:00 | B60: =SUMIFS(Model!$N$2:$N$1001,Model!$J$2:$J$1001,$B$3,Model!$L$2:$L$1001,$B$4,Model!$T$2:$T$1001,18) -> 173118 | C60: =COUNTIFS(Model!$J$2:$J$1001,$B$3,Model!$L$2:$L$1001,$B$4,Model!$T$2:$T$1001,18) -> 48 | L60: 54 | M60: =INDEX(Products!$B$2:$B$71,MATCH($L60,Products!$A$2:$A$71,0)) -> Occaecati Gift | N60: =SUMIFS(Model!$N$2:$N$1001,Model!$J$2:$J$1001,$B$3,Model!$L$2:$L$1001,$B$4,Model!$C$2:$C$1001,$L60) -> 56856 | O60: =$N60+ROW()/1000000 -> 56856 | T60: Bhusawal | U60: =COUNTIFS(Model!$J$2:$J$1001,$B$3,Model!$L$2:$L$1001,$B$4,Model!$I$2:$I$1001,$T60) -> 3 | V60: =SUMIFS(Model!$N$2:$N$1001,Model!$J$2:$J$1001,$B$3,Model!$L$2:$L$1001,$B$4,Model!$I$2:$I$1001,$T60) -> 10230 | W60: =$U60+$V60/1000000000+ROW()/1000000000000 -> 3.0000102 | AC60: C054 | AD60: =INDEX(Customers!$B$2:$B$101,MATCH($AC60,Customers!$A$2:$A$101,0)) -> Umang Ahuja | AE60: =SUMIFS(Model!$N$2:$N$1001,Model!$J$2:$J$1001,$B$3,Model!$L$2:$L$1001,$B$4,Model!$B$2:$B$1001,$AC60) -> 28005 | AF60: =COUNTIFS(Model!$J$2:$J$1001,$B$3,Model!$L$2:$L$1001,$B$4,Model!$B$2:$B$1001,$AC60) -> 11 | AG60: =$AE60+ROW()/1000000 -> 28005
A61: 19:00 | B61: =SUMIFS(Model!$N$2:$N$1001,Model!$J$2:$J$1001,$B$3,Model!$L$2:$L$1001,$B$4,Model!$T$2:$T$1001,19) -> 185771 | C61: =COUNTIFS(Model!$J$2:$J$1001,$B$3,Model!$L$2:$L$1001,$B$4,Model!$T$2:$T$1001,19) -> 53 | L61: 55 | M61: =INDEX(Products!$B$2:$B$71,MATCH($L61,Products!$A$2:$A$71,0)) -> Dolores Gift | N61: =SUMIFS(Model!$N$2:$N$1001,Model!$J$2:$J$1001,$B$3,Model!$L$2:$L$1001,$B$4,Model!$C$2:$C$1001,$L61) -> 106624 | O61: =$N61+ROW()/1000000 -> 106624 | T61: Bidar | U61: =COUNTIFS(Model!$J$2:$J$1001,$B$3,Model!$L$2:$L$1001,$B$4,Model!$I$2:$I$1001,$T61) -> 6 | V61: =SUMIFS(Model!$N$2:$N$1001,Model!$J$2:$J$1001,$B$3,Model!$L$2:$L$1001,$B$4,Model!$I$2:$I$1001,$T61) -> 23958 | W61: =$U61+$V61/1000000000+ROW()/1000000000000 -> 6.000024 | AC61: C055 | AD61: =INDEX(Customers!$B$2:$B$101,MATCH($AC61,Customers!$A$2:$A$101,0)) -> Umang Luthra | AE61: =SUMIFS(Model!$N$2:$N$1001,Model!$J$2:$J$1001,$B$3,Model!$L$2:$L$1001,$B$4,Model!$B$2:$B$1001,$AC61) -> 46022 | AF61: =COUNTIFS(Model!$J$2:$J$1001,$B$3,Model!$L$2:$L$1001,$B$4,Model!$B$2:$B$1001,$AC61) -> 10 | AG61: =$AE61+ROW()/1000000 -> 46022
A62: 20:00 | B62: =SUMIFS(Model!$N$2:$N$1001,Model!$J$2:$J$1001,$B$3,Model!$L$2:$L$1001,$B$4,Model!$T$2:$T$1001,20) -> 186426 | C62: =COUNTIFS(Model!$J$2:$J$1001,$B$3,Model!$L$2:$L$1001,$B$4,Model!$T$2:$T$1001,20) -> 47 | L62: 56 | M62: =INDEX(Products!$B$2:$B$71,MATCH($L62,Products!$A$2:$A$71,0)) -> Quia Gift | N62: =SUMIFS(Model!$N$2:$N$1001,Model!$J$2:$J$1001,$B$3,Model!$L$2:$L$1001,$B$4,Model!$C$2:$C$1001,$L62) -> 45792 | O62: =$N62+ROW()/1000000 -> 45792 | T62: Bidhannagar | U62: =COUNTIFS(Model!$J$2:$J$1001,$B$3,Model!$L$2:$L$1001,$B$4,Model!$I$2:$I$1001,$T62) -> 3 | V62: =SUMIFS(Model!$N$2:$N$1001,Model!$J$2:$J$1001,$B$3,Model!$L$2:$L$1001,$B$4,Model!$I$2:$I$1001,$T62) -> 5282 | W62: =$U62+$V62/1000000000+ROW()/1000000000000 -> 3.0000053 | AC62: C056 | AD62: =INDEX(Customers!$B$2:$B$101,MATCH($AC62,Customers!$A$2:$A$101,0)) -> Pihu Choudhury | AE62: =SUMIFS(Model!$N$2:$N$1001,Model!$J$2:$J$1001,$B$3,Model!$L$2:$L$1001,$B$4,Model!$B$2:$B$1001,$AC62) -> 34313 | AF62: =COUNTIFS(Model!$J$2:$J$1001,$B$3,Model!$L$2:$L$1001,$B$4,Model!$B$2:$B$1001,$AC62) -> 13 | AG62: =$AE62+ROW()/1000000 -> 34313
A63: 21:00 | B63: =SUMIFS(Model!$N$2:$N$1001,Model!$J$2:$J$1001,$B$3,Model!$L$2:$L$1001,$B$4,Model!$T$2:$T$1001,21) -> 155466 | C63: =COUNTIFS(Model!$J$2:$J$1001,$B$3,Model!$L$2:$L$1001,$B$4,Model!$T$2:$T$1001,21) -> 48 | L63: 57 | M63: =INDEX(Products!$B$2:$B$71,MATCH($L63,Products!$A$2:$A$71,0)) -> Voluptatem Box | N63: =SUMIFS(Model!$N$2:$N$1001,Model!$J$2:$J$1001,$B$3,Model!$L$2:$L$1001,$B$4,Model!$C$2:$C$1001,$L63) -> 60116 | O63: =$N63+ROW()/1000000 -> 60116 | T63: Bihar Sharif | U63: =COUNTIFS(Model!$J$2:$J$1001,$B$3,Model!$L$2:$L$1001,$B$4,Model!$I$2:$I$1001,$T63) -> 2 | V63: =SUMIFS(Model!$N$2:$N$1001,Model!$J$2:$J$1001,$B$3,Model!$L$2:$L$1001,$B$4,Model!$I$2:$I$1001,$T63) -> 8457 | W63: =$U63+$V63/1000000000+ROW()/1000000000000 -> 2.0000085 | AC63: C057 | AD63: =INDEX(Customers!$B$2:$B$101,MATCH($AC63,Customers!$A$2:$A$101,0)) -> Zain Hegde | AE63: =SUMIFS(Model!$N$2:$N$1001,Model!$J$2:$J$1001,$B$3,Model!$L$2:$L$1001,$B$4,Model!$B$2:$B$1001,$AC63) -> 28825 | AF63: =COUNTIFS(Model!$J$2:$J$1001,$B$3,Model!$L$2:$L$1001,$B$4,Model!$B$2:$B$1001,$AC63) -> 7 | AG63: =$AE63+ROW()/1000000 -> 28825
A64: 22:00 | B64: =SUMIFS(Model!$N$2:$N$1001,Model!$J$2:$J$1001,$B$3,Model!$L$2:$L$1001,$B$4,Model!$T$2:$T$1001,22) -> 125912 | C64: =COUNTIFS(Model!$J$2:$J$1001,$B$3,Model!$L$2:$L$1001,$B$4,Model!$T$2:$T$1001,22) -> 40 | L64: 58 | M64: =INDEX(Products!$B$2:$B$71,MATCH($L64,Products!$A$2:$A$71,0)) -> Sed Pack | N64: =SUMIFS(Model!$N$2:$N$1001,Model!$J$2:$J$1001,$B$3,Model!$L$2:$L$1001,$B$4,Model!$C$2:$C$1001,$L64) -> 67140 | O64: =$N64+ROW()/1000000 -> 67140 | T64: Bijapur | U64: =COUNTIFS(Model!$J$2:$J$1001,$B$3,Model!$L$2:$L$1001,$B$4,Model!$I$2:$I$1001,$T64) -> 4 | V64: =SUMIFS(Model!$N$2:$N$1001,Model!$J$2:$J$1001,$B$3,Model!$L$2:$L$1001,$B$4,Model!$I$2:$I$1001,$T64) -> 6052 | W64: =$U64+$V64/1000000000+ROW()/1000000000000 -> 4.0000061 | AC64: C058 | AD64: =INDEX(Customers!$B$2:$B$101,MATCH($AC64,Customers!$A$2:$A$101,0)) -> Charvi Kanda | AE64: =SUMIFS(Model!$N$2:$N$1001,Model!$J$2:$J$1001,$B$3,Model!$L$2:$L$1001,$B$4,Model!$B$2:$B$1001,$AC64) -> 35678 | AF64: =COUNTIFS(Model!$J$2:$J$1001,$B$3,Model!$L$2:$L$1001,$B$4,Model!$B$2:$B$1001,$AC64) -> 11 | AG64: =$AE64+ROW()/1000000 -> 35678
A65: 23:00 | B65: =SUMIFS(Model!$N$2:$N$1001,Model!$J$2:$J$1001,$B$3,Model!$L$2:$L$1001,$B$4,Model!$T$2:$T$1001,23) -> 168511 | C65: =COUNTIFS(Model!$J$2:$J$1001,$B$3,Model!$L$2:$L$1001,$B$4,Model!$T$2:$T$1001,23) -> 44 | L65: 59 | M65: =INDEX(Products!$B$2:$B$71,MATCH($L65,Products!$A$2:$A$71,0)) -> Pariatur Box | N65: =SUMIFS(Model!$N$2:$N$1001,Model!$J$2:$J$1001,$B$3,Model!$L$2:$L$1001,$B$4,Model!$C$2:$C$1001,$L65) -> 26763 | O65: =$N65+ROW()/1000000 -> 26763 | T65: Bikaner | U65: =COUNTIFS(Model!$J$2:$J$1001,$B$3,Model!$L$2:$L$1001,$B$4,Model!$I$2:$I$1001,$T65) -> 3 | V65: =SUMIFS(Model!$N$2:$N$1001,Model!$J$2:$J$1001,$B$3,Model!$L$2:$L$1001,$B$4,Model!$I$2:$I$1001,$T65) -> 3103 | W65: =$U65+$V65/1000000000+ROW()/1000000000000 -> 3.0000031 | AC65: C059 | AD65: =INDEX(Customers!$B$2:$B$101,MATCH($AC65,Customers!$A$2:$A$101,0)) -> Nirvi Wagle | AE65: =SUMIFS(Model!$N$2:$N$1001,Model!$J$2:$J$1001,$B$3,Model!$L$2:$L$1001,$B$4,Model!$B$2:$B$1001,$AC65) -> 31128 | AF65: =COUNTIFS(Model!$J$2:$J$1001,$B$3,Model!$L$2:$L$1001,$B$4,Model!$B$2:$B$1001,$AC65) -> 8 | AG65: =$AE65+ROW()/1000000 -> 31128
L66: 60 | M66: =INDEX(Products!$B$2:$B$71,MATCH($L66,Products!$A$2:$A$71,0)) -> Ea Set | N66: =SUMIFS(Model!$N$2:$N$1001,Model!$J$2:$J$1001,$B$3,Model!$L$2:$L$1001,$B$4,Model!$C$2:$C$1001,$L66) -> 36388 | O66: =$N66+ROW()/1000000 -> 36388 | T66: Bilaspur | U66: =COUNTIFS(Model!$J$2:$J$1001,$B$3,Model!$L$2:$L$1001,$B$4,Model!$I$2:$I$1001,$T66) -> 3 | V66: =SUMIFS(Model!$N$2:$N$1001,Model!$J$2:$J$1001,$B$3,Model!$L$2:$L$1001,$B$4,Model!$I$2:$I$1001,$T66) -> 17087 | W66: =$U66+$V66/1000000000+ROW()/1000000000000 -> 3.0000171 | AC66: C060 | AD66: =INDEX(Customers!$B$2:$B$101,MATCH($AC66,Customers!$A$2:$A$101,0)) -> Riya Wagle | AE66: =SUMIFS(Model!$N$2:$N$1001,Model!$J$2:$J$1001,$B$3,Model!$L$2:$L$1001,$B$4,Model!$B$2:$B$1001,$AC66) -> 45635 | AF66: =COUNTIFS(Model!$J$2:$J$1001,$B$3,Model!$L$2:$L$1001,$B$4,Model!$B$2:$B$1001,$AC66) -> 10 | AG66: =$AE66+ROW()/1000000 -> 45635
L67: 61 | M67: =INDEX(Products!$B$2:$B$71,MATCH($L67,Products!$A$2:$A$71,0)) -> Iusto Box | N67: =SUMIFS(Model!$N$2:$N$1001,Model!$J$2:$J$1001,$B$3,Model!$L$2:$L$1001,$B$4,Model!$C$2:$C$1001,$L67) -> 25110 | O67: =$N67+ROW()/1000000 -> 25110 | T67: Bokaro | U67: =COUNTIFS(Model!$J$2:$J$1001,$B$3,Model!$L$2:$L$1001,$B$4,Model!$I$2:$I$1001,$T67) -> 3 | V67: =SUMIFS(Model!$N$2:$N$1001,Model!$J$2:$J$1001,$B$3,Model!$L$2:$L$1001,$B$4,Model!$I$2:$I$1001,$T67) -> 5354 | W67: =$U67+$V67/1000000000+ROW()/1000000000000 -> 3.0000054 | AC67: C061 | AD67: =INDEX(Customers!$B$2:$B$101,MATCH($AC67,Customers!$A$2:$A$101,0)) -> Akarsh Ramesh | AE67: =SUMIFS(Model!$N$2:$N$1001,Model!$J$2:$J$1001,$B$3,Model!$L$2:$L$1001,$B$4,Model!$B$2:$B$1001,$AC67) -> 50313 | AF67: =COUNTIFS(Model!$J$2:$J$1001,$B$3,Model!$L$2:$L$1001,$B$4,Model!$B$2:$B$1001,$AC67) -> 13 | AG67: =$AE67+ROW()/1000000 -> 50313
A68: Orders by weekday | L68: 62 | M68: =INDEX(Products!$B$2:$B$71,MATCH($L68,Products!$A$2:$A$71,0)) -> Sed Set | N68: =SUMIFS(Model!$N$2:$N$1001,Model!$J$2:$J$1001,$B$3,Model!$L$2:$L$1001,$B$4,Model!$C$2:$C$1001,$L68) -> 54240 | O68: =$N68+ROW()/1000000 -> 54240 | T68: Bongaigaon | U68: =COUNTIFS(Model!$J$2:$J$1001,$B$3,Model!$L$2:$L$1001,$B$4,Model!$I$2:$I$1001,$T68) -> 3 | V68: =SUMIFS(Model!$N$2:$N$1001,Model!$J$2:$J$1001,$B$3,Model!$L$2:$L$1001,$B$4,Model!$I$2:$I$1001,$T68) -> 6187 | W68: =$U68+$V68/1000000000+ROW()/1000000000000 -> 3.0000062 | AC68: C062 | AD68: =INDEX(Customers!$B$2:$B$101,MATCH($AC68,Customers!$A$2:$A$101,0)) -> Inaaya Sarraf | AE68: =SUMIFS(Model!$N$2:$N$1001,Model!$J$2:$J$1001,$B$3,Model!$L$2:$L$1001,$B$4,Model!$B$2:$B$1001,$AC68) -> 29721 | AF68: =COUNTIFS(Model!$J$2:$J$1001,$B$3,Model!$L$2:$L$1001,$B$4,Model!$B$2:$B$1001,$AC68) -> 9 | AG68: =$AE68+ROW()/1000000 -> 29721
A69: Mon | B69: 1 | C69: =COUNTIFS(Model!$J$2:$J$1001,$B$3,Model!$L$2:$L$1001,$B$4,Model!$U$2:$U$1001,$B69) -> 141 | D69: =SUMIFS(Model!$N$2:$N$1001,Model!$J$2:$J$1001,$B$3,Model!$L$2:$L$1001,$B$4,Model!$U$2:$U$1001,$B69) -> 461670 | L69: 63 | M69: =INDEX(Products!$B$2:$B$71,MATCH($L69,Products!$A$2:$A$71,0)) -> Adipisci Set | N69: =SUMIFS(Model!$N$2:$N$1001,Model!$J$2:$J$1001,$B$3,Model!$L$2:$L$1001,$B$4,Model!$C$2:$C$1001,$L69) -> 32352 | O69: =$N69+ROW()/1000000 -> 32352 | T69: Bulandshahr | U69: =COUNTIFS(Model!$J$2:$J$1001,$B$3,Model!$L$2:$L$1001,$B$4,Model!$I$2:$I$1001,$T69) -> 7 | V69: =SUMIFS(Model!$N$2:$N$1001,Model!$J$2:$J$1001,$B$3,Model!$L$2:$L$1001,$B$4,Model!$I$2:$I$1001,$T69) -> 22428 | W69: =$U69+$V69/1000000000+ROW()/1000000000000 -> 7.0000224 | AC69: C063 | AD69: =INDEX(Customers!$B$2:$B$101,MATCH($AC69,Customers!$A$2:$A$101,0)) -> Arhaan Ahluwalia | AE69: =SUMIFS(Model!$N$2:$N$1001,Model!$J$2:$J$1001,$B$3,Model!$L$2:$L$1001,$B$4,Model!$B$2:$B$1001,$AC69) -> 43857 | AF69: =COUNTIFS(Model!$J$2:$J$1001,$B$3,Model!$L$2:$L$1001,$B$4,Model!$B$2:$B$1001,$AC69) -> 12 | AG69: =$AE69+ROW()/1000000 -> 43857
A70: Tue | B70: 2 | C70: =COUNTIFS(Model!$J$2:$J$1001,$B$3,Model!$L$2:$L$1001,$B$4,Model!$U$2:$U$1001,$B70) -> 165 | D70: =SUMIFS(Model!$N$2:$N$1001,Model!$J$2:$J$1001,$B$3,Model!$L$2:$L$1001,$B$4,Model!$U$2:$U$1001,$B70) -> 677223 | L70: 64 | M70: =INDEX(Products!$B$2:$B$71,MATCH($L70,Products!$A$2:$A$71,0)) -> Nostrum Box | N70: =SUMIFS(Model!$N$2:$N$1001,Model!$J$2:$J$1001,$B$3,Model!$L$2:$L$1001,$B$4,Model!$C$2:$C$1001,$L70) -> 97656 | O70: =$N70+ROW()/1000000 -> 97656 | T70: Burhanpur | U70: =COUNTIFS(Model!$J$2:$J$1001,$B$3,Model!$L$2:$L$1001,$B$4,Model!$I$2:$I$1001,$T70) -> 2 | V70: =SUMIFS(Model!$N$2:$N$1001,Model!$J$2:$J$1001,$B$3,Model!$L$2:$L$1001,$B$4,Model!$I$2:$I$1001,$T70) -> 3188 | W70: =$U70+$V70/1000000000+ROW()/1000000000000 -> 2.0000032 | AC70: C064 | AD70: =INDEX(Customers!$B$2:$B$101,MATCH($AC70,Customers!$A$2:$A$101,0)) -> Indrajit Kale | AE70: =SUMIFS(Model!$N$2:$N$1001,Model!$J$2:$J$1001,$B$3,Model!$L$2:$L$1001,$B$4,Model!$B$2:$B$1001,$AC70) -> 36991 | AF70: =COUNTIFS(Model!$J$2:$J$1001,$B$3,Model!$L$2:$L$1001,$B$4,Model!$B$2:$B$1001,$AC70) -> 12 | AG70: =$AE70+ROW()/1000000 -> 36991
A71: Wed | B71: 3 | C71: =COUNTIFS(Model!$J$2:$J$1001,$B$3,Model!$L$2:$L$1001,$B$4,Model!$U$2:$U$1001,$B71) -> 112 | D71: =SUMIFS(Model!$N$2:$N$1001,Model!$J$2:$J$1001,$B$3,Model!$L$2:$L$1001,$B$4,Model!$U$2:$U$1001,$B71) -> 415192 | L71: 65 | M71: =INDEX(Products!$B$2:$B$71,MATCH($L71,Products!$A$2:$A$71,0)) -> Error Gift | N71: =SUMIFS(Model!$N$2:$N$1001,Model!$J$2:$J$1001,$B$3,Model!$L$2:$L$1001,$B$4,Model!$C$2:$C$1001,$L71) -> 60640 | O71: =$N71+ROW()/1000000 -> 60640 | T71: Buxar | U71: =COUNTIFS(Model!$J$2:$J$1001,$B$3,Model!$L$2:$L$1001,$B$4,Model!$I$2:$I$1001,$T71) -> 3 | V71: =SUMIFS(Model!$N$2:$N$1001,Model!$J$2:$J$1001,$B$3,Model!$L$2:$L$1001,$B$4,Model!$I$2:$I$1001,$T71) -> 10429 | W71: =$U71+$V71/1000000000+ROW()/1000000000000 -> 3.0000104 | AC71: C065 | AD71: =INDEX(Customers!$B$2:$B$101,MATCH($AC71,Customers!$A$2:$A$101,0)) -> Badal Vora | AE71: =SUMIFS(Model!$N$2:$N$1001,Model!$J$2:$J$1001,$B$3,Model!$L$2:$L$1001,$B$4,Model!$B$2:$B$1001,$AC71) -> 33684 | AF71: =COUNTIFS(Model!$J$2:$J$1001,$B$3,Model!$L$2:$L$1001,$B$4,Model!$B$2:$B$1001,$AC71) -> 8 | AG71: =$AE71+ROW()/1000000 -> 33684
A72: Thu | B72: 4 | C72: =COUNTIFS(Model!$J$2:$J$1001,$B$3,Model!$L$2:$L$1001,$B$4,Model!$U$2:$U$1001,$B72) -> 130 | D72: =SUMIFS(Model!$N$2:$N$1001,Model!$J$2:$J$1001,$B$3,Model!$L$2:$L$1001,$B$4,Model!$U$2:$U$1001,$B72) -> 418354 | L72: 66 | M72: =INDEX(Products!$B$2:$B$71,MATCH($L72,Products!$A$2:$A$71,0)) -> Quas Box | N72: =SUMIFS(Model!$N$2:$N$1001,Model!$J$2:$J$1001,$B$3,Model!$L$2:$L$1001,$B$4,Model!$C$2:$C$1001,$L72) -> 9760 | O72: =$N72+ROW()/1000000 -> 9760.0001 | T72: Chandigarh | U72: =COUNTIFS(Model!$J$2:$J$1001,$B$3,Model!$L$2:$L$1001,$B$4,Model!$I$2:$I$1001,$T72) -> 1 | V72: =SUMIFS(Model!$N$2:$N$1001,Model!$J$2:$J$1001,$B$3,Model!$L$2:$L$1001,$B$4,Model!$I$2:$I$1001,$T72) -> 1194 | W72: =$U72+$V72/1000000000+ROW()/1000000000000 -> 1.0000012 | AC72: C066 | AD72: =INDEX(Customers!$B$2:$B$101,MATCH($AC72,Customers!$A$2:$A$101,0)) -> Eshani Buch | AE72: =SUMIFS(Model!$N$2:$N$1001,Model!$J$2:$J$1001,$B$3,Model!$L$2:$L$1001,$B$4,Model!$B$2:$B$1001,$AC72) -> 23870 | AF72: =COUNTIFS(Model!$J$2:$J$1001,$B$3,Model!$L$2:$L$1001,$B$4,Model!$B$2:$B$1001,$AC72) -> 10 | AG72: =$AE72+ROW()/1000000 -> 23870
A73: Fri | B73: 5 | C73: =COUNTIFS(Model!$J$2:$J$1001,$B$3,Model!$L$2:$L$1001,$B$4,Model!$U$2:$U$1001,$B73) -> 143 | D73: =SUMIFS(Model!$N$2:$N$1001,Model!$J$2:$J$1001,$B$3,Model!$L$2:$L$1001,$B$4,Model!$U$2:$U$1001,$B73) -> 475447 | L73: 67 | M73: =INDEX(Products!$B$2:$B$71,MATCH($L73,Products!$A$2:$A$71,0)) -> Maiores Box | N73: =SUMIFS(Model!$N$2:$N$1001,Model!$J$2:$J$1001,$B$3,Model!$L$2:$L$1001,$B$4,Model!$C$2:$C$1001,$L73) -> 65952 | O73: =$N73+ROW()/1000000 -> 65952 | T73: Chandrapur | U73: =COUNTIFS(Model!$J$2:$J$1001,$B$3,Model!$L$2:$L$1001,$B$4,Model!$I$2:$I$1001,$T73) -> 1 | V73: =SUMIFS(Model!$N$2:$N$1001,Model!$J$2:$J$1001,$B$3,Model!$L$2:$L$1001,$B$4,Model!$I$2:$I$1001,$T73) -> 5595 | W73: =$U73+$V73/1000000000+ROW()/1000000000000 -> 1.0000056 | AC73: C067 | AD73: =INDEX(Customers!$B$2:$B$101,MATCH($AC73,Customers!$A$2:$A$101,0)) -> Eva Sankaran | AE73: =SUMIFS(Model!$N$2:$N$1001,Model!$J$2:$J$1001,$B$3,Model!$L$2:$L$1001,$B$4,Model!$B$2:$B$1001,$AC73) -> 38028 | AF73: =COUNTIFS(Model!$J$2:$J$1001,$B$3,Model!$L$2:$L$1001,$B$4,Model!$B$2:$B$1001,$AC73) -> 12 | AG73: =$AE73+ROW()/1000000 -> 38028
A74: Sat | B74: 6 | C74: =COUNTIFS(Model!$J$2:$J$1001,$B$3,Model!$L$2:$L$1001,$B$4,Model!$U$2:$U$1001,$B74) -> 133 | D74: =SUMIFS(Model!$N$2:$N$1001,Model!$J$2:$J$1001,$B$3,Model!$L$2:$L$1001,$B$4,Model!$U$2:$U$1001,$B74) -> 444960 | L74: 68 | M74: =INDEX(Products!$B$2:$B$71,MATCH($L74,Products!$A$2:$A$71,0)) -> Quas Gift | N74: =SUMIFS(Model!$N$2:$N$1001,Model!$J$2:$J$1001,$B$3,Model!$L$2:$L$1001,$B$4,Model!$C$2:$C$1001,$L74) -> 15522 | O74: =$N74+ROW()/1000000 -> 15522 | T74: Chapra | U74: =COUNTIFS(Model!$J$2:$J$1001,$B$3,Model!$L$2:$L$1001,$B$4,Model!$I$2:$I$1001,$T74) -> 3 | V74: =SUMIFS(Model!$N$2:$N$1001,Model!$J$2:$J$1001,$B$3,Model!$L$2:$L$1001,$B$4,Model!$I$2:$I$1001,$T74) -> 9406 | W74: =$U74+$V74/1000000000+ROW()/1000000000000 -> 3.0000094 | AC74: C068 | AD74: =INDEX(Customers!$B$2:$B$101,MATCH($AC74,Customers!$A$2:$A$101,0)) -> Ritvik Garde | AE74: =SUMIFS(Model!$N$2:$N$1001,Model!$J$2:$J$1001,$B$3,Model!$L$2:$L$1001,$B$4,Model!$B$2:$B$1001,$AC74) -> 25168 | AF74: =COUNTIFS(Model!$J$2:$J$1001,$B$3,Model!$L$2:$L$1001,$B$4,Model!$B$2:$B$1001,$AC74) -> 8 | AG74: =$AE74+ROW()/1000000 -> 25168
A75: Sun | B75: 7 | C75: =COUNTIFS(Model!$J$2:$J$1001,$B$3,Model!$L$2:$L$1001,$B$4,Model!$U$2:$U$1001,$B75) -> 176 | D75: =SUMIFS(Model!$N$2:$N$1001,Model!$J$2:$J$1001,$B$3,Model!$L$2:$L$1001,$B$4,Model!$U$2:$U$1001,$B75) -> 628138 | L75: 69 | M75: =INDEX(Products!$B$2:$B$71,MATCH($L75,Products!$A$2:$A$71,0)) -> Id Box | N75: =SUMIFS(Model!$N$2:$N$1001,Model!$J$2:$J$1001,$B$3,Model!$L$2:$L$1001,$B$4,Model!$C$2:$C$1001,$L75) -> 34930 | O75: =$N75+ROW()/1000000 -> 34930 | T75: Chennai | U75: =COUNTIFS(Model!$J$2:$J$1001,$B$3,Model!$L$2:$L$1001,$B$4,Model!$I$2:$I$1001,$T75) -> 3 | V75: =SUMIFS(Model!$N$2:$N$1001,Model!$J$2:$J$1001,$B$3,Model!$L$2:$L$1001,$B$4,Model!$I$2:$I$1001,$T75) -> 2213 | W75: =$U75+$V75/1000000000+ROW()/1000000000000 -> 3.0000022 | AC75: C069 | AD75: =INDEX(Customers!$B$2:$B$101,MATCH($AC75,Customers!$A$2:$A$101,0)) -> Hunar Tripathi | AE75: =SUMIFS(Model!$N$2:$N$1001,Model!$J$2:$J$1001,$B$3,Model!$L$2:$L$1001,$B$4,Model!$B$2:$B$1001,$AC75) -> 38017 | AF75: =COUNTIFS(Model!$J$2:$J$1001,$B$3,Model!$L$2:$L$1001,$B$4,Model!$B$2:$B$1001,$AC75) -> 9 | AG75: =$AE75+ROW()/1000000 -> 38017
L76: 70 | M76: =INDEX(Products!$B$2:$B$71,MATCH($L76,Products!$A$2:$A$71,0)) -> Error Gift | N76: =SUMIFS(Model!$N$2:$N$1001,Model!$J$2:$J$1001,$B$3,Model!$L$2:$L$1001,$B$4,Model!$C$2:$C$1001,$L76) -> 36372 | O76: =$N76+ROW()/1000000 -> 36372 | T76: Chinsurah | U76: =COUNTIFS(Model!$J$2:$J$1001,$B$3,Model!$L$2:$L$1001,$B$4,Model!$I$2:$I$1001,$T76) -> 3 | V76: =SUMIFS(Model!$N$2:$N$1001,Model!$J$2:$J$1001,$B$3,Model!$L$2:$L$1001,$B$4,Model!$I$2:$I$1001,$T76) -> 13029 | W76: =$U76+$V76/1000000000+ROW()/1000000000000 -> 3.000013 | AC76: C070 | AD76: =INDEX(Customers!$B$2:$B$101,MATCH($AC76,Customers!$A$2:$A$101,0)) -> Emir Gokhale | AE76: =SUMIFS(Model!$N$2:$N$1001,Model!$J$2:$J$1001,$B$3,Model!$L$2:$L$1001,$B$4,Model!$B$2:$B$1001,$AC76) -> 39355 | AF76: =COUNTIFS(Model!$J$2:$J$1001,$B$3,Model!$L$2:$L$1001,$B$4,Model!$B$2:$B$1001,$AC76) -> 11 | AG76: =$AE76+ROW()/1000000 -> 39355
T77: Chittoor | U77: =COUNTIFS(Model!$J$2:$J$1001,$B$3,Model!$L$2:$L$1001,$B$4,Model!$I$2:$I$1001,$T77) -> 5 | V77: =SUMIFS(Model!$N$2:$N$1001,Model!$J$2:$J$1001,$B$3,Model!$L$2:$L$1001,$B$4,Model!$I$2:$I$1001,$T77) -> 23451 | W77: =$U77+$V77/1000000000+ROW()/1000000000000 -> 5.0000235 | AC77: C071 | AD77: =INDEX(Customers!$B$2:$B$101,MATCH($AC77,Customers!$A$2:$A$101,0)) -> Purab Sheth | AE77: =SUMIFS(Model!$N$2:$N$1001,Model!$J$2:$J$1001,$B$3,Model!$L$2:$L$1001,$B$4,Model!$B$2:$B$1001,$AC77) -> 35825 | AF77: =COUNTIFS(Model!$J$2:$J$1001,$B$3,Model!$L$2:$L$1001,$B$4,Model!$B$2:$B$1001,$AC77) -> 12 | AG77: =$AE77+ROW()/1000000 -> 35825
A78: Order-to-delivery time | T78: Cuttack | U78: =COUNTIFS(Model!$J$2:$J$1001,$B$3,Model!$L$2:$L$1001,$B$4,Model!$I$2:$I$1001,$T78) -> 2 | V78: =SUMIFS(Model!$N$2:$N$1001,Model!$J$2:$J$1001,$B$3,Model!$L$2:$L$1001,$B$4,Model!$I$2:$I$1001,$T78) -> 5483 | W78: =$U78+$V78/1000000000+ROW()/1000000000000 -> 2.0000055 | AC78: C072 | AD78: =INDEX(Customers!$B$2:$B$101,MATCH($AC78,Customers!$A$2:$A$101,0)) -> Charvi Karnik | AE78: =SUMIFS(Model!$N$2:$N$1001,Model!$J$2:$J$1001,$B$3,Model!$L$2:$L$1001,$B$4,Model!$B$2:$B$1001,$AC78) -> 33067 | AF78: =COUNTIFS(Model!$J$2:$J$1001,$B$3,Model!$L$2:$L$1001,$B$4,Model!$B$2:$B$1001,$AC78) -> 9 | AG78: =$AE78+ROW()/1000000 -> 33067
A79: 0 - 2 days | B79: =COUNTIFS(Model!$J$2:$J$1001,$B$3,Model!$L$2:$L$1001,$B$4,Model!$Y$2:$Y$1001,$A79) -> 148 | C79: =IFERROR($B79/SUM($B$79:$B$84),0) -> 0.148 | T79: Danapur | U79: =COUNTIFS(Model!$J$2:$J$1001,$B$3,Model!$L$2:$L$1001,$B$4,Model!$I$2:$I$1001,$T79) -> 3 | V79: =SUMIFS(Model!$N$2:$N$1001,Model!$J$2:$J$1001,$B$3,Model!$L$2:$L$1001,$B$4,Model!$I$2:$I$1001,$T79) -> 11198 | W79: =$U79+$V79/1000000000+ROW()/1000000000000 -> 3.0000112 | AC79: C073 | AD79: =INDEX(Customers!$B$2:$B$101,MATCH($AC79,Customers!$A$2:$A$101,0)) -> Zeeshan Tailor | AE79: =SUMIFS(Model!$N$2:$N$1001,Model!$J$2:$J$1001,$B$3,Model!$L$2:$L$1001,$B$4,Model!$B$2:$B$1001,$AC79) -> 12863 | AF79: =COUNTIFS(Model!$J$2:$J$1001,$B$3,Model!$L$2:$L$1001,$B$4,Model!$B$2:$B$1001,$AC79) -> 6 | AG79: =$AE79+ROW()/1000000 -> 12863
A80: 2 - 4 days | B80: =COUNTIFS(Model!$J$2:$J$1001,$B$3,Model!$L$2:$L$1001,$B$4,Model!$Y$2:$Y$1001,$A80) -> 199 | C80: =IFERROR($B80/SUM($B$79:$B$84),0) -> 0.199 | T80: Darbhanga | U80: =COUNTIFS(Model!$J$2:$J$1001,$B$3,Model!$L$2:$L$1001,$B$4,Model!$I$2:$I$1001,$T80) -> 7 | V80: =SUMIFS(Model!$N$2:$N$1001,Model!$J$2:$J$1001,$B$3,Model!$L$2:$L$1001,$B$4,Model!$I$2:$I$1001,$T80) -> 25662 | W80: =$U80+$V80/1000000000+ROW()/1000000000000 -> 7.0000257 | AC80: C074 | AD80: =INDEX(Customers!$B$2:$B$101,MATCH($AC80,Customers!$A$2:$A$101,0)) -> Vanya Apte | AE80: =SUMIFS(Model!$N$2:$N$1001,Model!$J$2:$J$1001,$B$3,Model!$L$2:$L$1001,$B$4,Model!$B$2:$B$1001,$AC80) -> 29303 | AF80: =COUNTIFS(Model!$J$2:$J$1001,$B$3,Model!$L$2:$L$1001,$B$4,Model!$B$2:$B$1001,$AC80) -> 7 | AG80: =$AE80+ROW()/1000000 -> 29303
A81: 4 - 6 days | B81: =COUNTIFS(Model!$J$2:$J$1001,$B$3,Model!$L$2:$L$1001,$B$4,Model!$Y$2:$Y$1001,$A81) -> 214 | C81: =IFERROR($B81/SUM($B$79:$B$84),0) -> 0.214 | T81: Davanagere | U81: =COUNTIFS(Model!$J$2:$J$1001,$B$3,Model!$L$2:$L$1001,$B$4,Model!$I$2:$I$1001,$T81) -> 4 | V81: =SUMIFS(Model!$N$2:$N$1001,Model!$J$2:$J$1001,$B$3,Model!$L$2:$L$1001,$B$4,Model!$I$2:$I$1001,$T81) -> 12118 | W81: =$U81+$V81/1000000000+ROW()/1000000000000 -> 4.0000121 | AC81: C075 | AD81: =INDEX(Customers!$B$2:$B$101,MATCH($AC81,Customers!$A$2:$A$101,0)) -> Yashvi Bansal | AE81: =SUMIFS(Model!$N$2:$N$1001,Model!$J$2:$J$1001,$B$3,Model!$L$2:$L$1001,$B$4,Model!$B$2:$B$1001,$AC81) -> 13859 | AF81: =COUNTIFS(Model!$J$2:$J$1001,$B$3,Model!$L$2:$L$1001,$B$4,Model!$B$2:$B$1001,$AC81) -> 6 | AG81: =$AE81+ROW()/1000000 -> 13859
A82: 6 - 8 days | B82: =COUNTIFS(Model!$J$2:$J$1001,$B$3,Model!$L$2:$L$1001,$B$4,Model!$Y$2:$Y$1001,$A82) -> 180 | C82: =IFERROR($B82/SUM($B$79:$B$84),0) -> 0.18 | T82: Dehradun | U82: =COUNTIFS(Model!$J$2:$J$1001,$B$3,Model!$L$2:$L$1001,$B$4,Model!$I$2:$I$1001,$T82) -> 5 | V82: =SUMIFS(Model!$N$2:$N$1001,Model!$J$2:$J$1001,$B$3,Model!$L$2:$L$1001,$B$4,Model!$I$2:$I$1001,$T82) -> 21229 | W82: =$U82+$V82/1000000000+ROW()/1000000000000 -> 5.0000212 | AC82: C076 | AD82: =INDEX(Customers!$B$2:$B$101,MATCH($AC82,Customers!$A$2:$A$101,0)) -> Oorja Dayal | AE82: =SUMIFS(Model!$N$2:$N$1001,Model!$J$2:$J$1001,$B$3,Model!$L$2:$L$1001,$B$4,Model!$B$2:$B$1001,$AC82) -> 25892 | AF82: =COUNTIFS(Model!$J$2:$J$1001,$B$3,Model!$L$2:$L$1001,$B$4,Model!$B$2:$B$1001,$AC82) -> 6 | AG82: =$AE82+ROW()/1000000 -> 25892
A83: 8 - 10 days | B83: =COUNTIFS(Model!$J$2:$J$1001,$B$3,Model!$L$2:$L$1001,$B$4,Model!$Y$2:$Y$1001,$A83) -> 213 | C83: =IFERROR($B83/SUM($B$79:$B$84),0) -> 0.213 | T83: Dehri | U83: =COUNTIFS(Model!$J$2:$J$1001,$B$3,Model!$L$2:$L$1001,$B$4,Model!$I$2:$I$1001,$T83) -> 2 | V83: =SUMIFS(Model!$N$2:$N$1001,Model!$J$2:$J$1001,$B$3,Model!$L$2:$L$1001,$B$4,Model!$I$2:$I$1001,$T83) -> 2529 | W83: =$U83+$V83/1000000000+ROW()/1000000000000 -> 2.0000025 | AC83: C077 | AD83: =INDEX(Customers!$B$2:$B$101,MATCH($AC83,Customers!$A$2:$A$101,0)) -> Gokul Ahluwalia | AE83: =SUMIFS(Model!$N$2:$N$1001,Model!$J$2:$J$1001,$B$3,Model!$L$2:$L$1001,$B$4,Model!$B$2:$B$1001,$AC83) -> 48915 | AF83: =COUNTIFS(Model!$J$2:$J$1001,$B$3,Model!$L$2:$L$1001,$B$4,Model!$B$2:$B$1001,$AC83) -> 11 | AG83: =$AE83+ROW()/1000000 -> 48915
A84: Over 10 days | B84: =COUNTIFS(Model!$J$2:$J$1001,$B$3,Model!$L$2:$L$1001,$B$4,Model!$Y$2:$Y$1001,$A84) -> 46 | C84: =IFERROR($B84/SUM($B$79:$B$84),0) -> 0.046 | T84: Delhi | U84: =COUNTIFS(Model!$J$2:$J$1001,$B$3,Model!$L$2:$L$1001,$B$4,Model!$I$2:$I$1001,$T84) -> 3 | V84: =SUMIFS(Model!$N$2:$N$1001,Model!$J$2:$J$1001,$B$3,Model!$L$2:$L$1001,$B$4,Model!$I$2:$I$1001,$T84) -> 19793 | W84: =$U84+$V84/1000000000+ROW()/1000000000000 -> 3.0000198 | AC84: C078 | AD84: =INDEX(Customers!$B$2:$B$101,MATCH($AC84,Customers!$A$2:$A$101,0)) -> Jivika Rajan | AE84: =SUMIFS(Model!$N$2:$N$1001,Model!$J$2:$J$1001,$B$3,Model!$L$2:$L$1001,$B$4,Model!$B$2:$B$1001,$AC84) -> 44597 | AF84: =COUNTIFS(Model!$J$2:$J$1001,$B$3,Model!$L$2:$L$1001,$B$4,Model!$B$2:$B$1001,$AC84) -> 9 | AG84: =$AE84+ROW()/1000000 -> 44597
T85: Deoghar | U85: =COUNTIFS(Model!$J$2:$J$1001,$B$3,Model!$L$2:$L$1001,$B$4,Model!$I$2:$I$1001,$T85) -> 3 | V85: =SUMIFS(Model!$N$2:$N$1001,Model!$J$2:$J$1001,$B$3,Model!$L$2:$L$1001,$B$4,Model!$I$2:$I$1001,$T85) -> 9778 | W85: =$U85+$V85/1000000000+ROW()/1000000000000 -> 3.0000098 | AC85: C079 | AD85: =INDEX(Customers!$B$2:$B$101,MATCH($AC85,Customers!$A$2:$A$101,0)) -> Vedika Sankaran | AE85: =SUMIFS(Model!$N$2:$N$1001,Model!$J$2:$J$1001,$B$3,Model!$L$2:$L$1001,$B$4,Model!$B$2:$B$1001,$AC85) -> 21593 | AF85: =COUNTIFS(Model!$J$2:$J$1001,$B$3,Model!$L$2:$L$1001,$B$4,Model!$B$2:$B$1001,$AC85) -> 9 | AG85: =$AE85+ROW()/1000000 -> 21593
T86: Dewas | U86: =COUNTIFS(Model!$J$2:$J$1001,$B$3,Model!$L$2:$L$1001,$B$4,Model!$I$2:$I$1001,$T86) -> 2 | V86: =SUMIFS(Model!$N$2:$N$1001,Model!$J$2:$J$1001,$B$3,Model!$L$2:$L$1001,$B$4,Model!$I$2:$I$1001,$T86) -> 10426 | W86: =$U86+$V86/1000000000+ROW()/1000000000000 -> 2.0000104 | AC86: C080 | AD86: =INDEX(Customers!$B$2:$B$101,MATCH($AC86,Customers!$A$2:$A$101,0)) -> Mohanlal Garde | AE86: =SUMIFS(Model!$N$2:$N$1001,Model!$J$2:$J$1001,$B$3,Model!$L$2:$L$1001,$B$4,Model!$B$2:$B$1001,$AC86) -> 22226 | AF86: =COUNTIFS(Model!$J$2:$J$1001,$B$3,Model!$L$2:$L$1001,$B$4,Model!$B$2:$B$1001,$AC86) -> 8 | AG86: =$AE86+ROW()/1000000 -> 22226
A87: Revenue by price band | T87: Dhanbad | U87: =COUNTIFS(Model!$J$2:$J$1001,$B$3,Model!$L$2:$L$1001,$B$4,Model!$I$2:$I$1001,$T87) -> 4 | V87: =SUMIFS(Model!$N$2:$N$1001,Model!$J$2:$J$1001,$B$3,Model!$L$2:$L$1001,$B$4,Model!$I$2:$I$1001,$T87) -> 16900 | W87: =$U87+$V87/1000000000+ROW()/1000000000000 -> 4.0000169 | AC87: C081 | AD87: =INDEX(Customers!$B$2:$B$101,MATCH($AC87,Customers!$A$2:$A$101,0)) -> Kaira Ramachandran | AE87: =SUMIFS(Model!$N$2:$N$1001,Model!$J$2:$J$1001,$B$3,Model!$L$2:$L$1001,$B$4,Model!$B$2:$B$1001,$AC87) -> 22223 | AF87: =COUNTIFS(Model!$J$2:$J$1001,$B$3,Model!$L$2:$L$1001,$B$4,Model!$B$2:$B$1001,$AC87) -> 6 | AG87: =$AE87+ROW()/1000000 -> 22223
A88: ₹0 - 499 | B88: =SUMIFS(Model!$N$2:$N$1001,Model!$J$2:$J$1001,$B$3,Model!$L$2:$L$1001,$B$4,Model!$X$2:$X$1001,$A88) -> 142345 | C88: =COUNTIFS(Model!$J$2:$J$1001,$B$3,Model!$L$2:$L$1001,$B$4,Model!$X$2:$X$1001,$A88) -> 142 | D88: =IFERROR($B88/SUM($B$88:$B$91),0) -> 0.040427619 | T88: Dharmavaram | U88: =COUNTIFS(Model!$J$2:$J$1001,$B$3,Model!$L$2:$L$1001,$B$4,Model!$I$2:$I$1001,$T88) -> 2 | V88: =SUMIFS(Model!$N$2:$N$1001,Model!$J$2:$J$1001,$B$3,Model!$L$2:$L$1001,$B$4,Model!$I$2:$I$1001,$T88) -> 6878 | W88: =$U88+$V88/1000000000+ROW()/1000000000000 -> 2.0000069 | AC88: C082 | AD88: =INDEX(Customers!$B$2:$B$101,MATCH($AC88,Customers!$A$2:$A$101,0)) -> Anya Chaudhari | AE88: =SUMIFS(Model!$N$2:$N$1001,Model!$J$2:$J$1001,$B$3,Model!$L$2:$L$1001,$B$4,Model!$B$2:$B$1001,$AC88) -> 26728 | AF88: =COUNTIFS(Model!$J$2:$J$1001,$B$3,Model!$L$2:$L$1001,$B$4,Model!$B$2:$B$1001,$AC88) -> 8 | AG88: =$AE88+ROW()/1000000 -> 26728
A89: ₹500 - 999 | B89: =SUMIFS(Model!$N$2:$N$1001,Model!$J$2:$J$1001,$B$3,Model!$L$2:$L$1001,$B$4,Model!$X$2:$X$1001,$A89) -> 572374 | C89: =COUNTIFS(Model!$J$2:$J$1001,$B$3,Model!$L$2:$L$1001,$B$4,Model!$X$2:$X$1001,$A89) -> 256 | D89: =IFERROR($B89/SUM($B$88:$B$91),0) -> 0.16256081 | T89: Dhule | U89: =COUNTIFS(Model!$J$2:$J$1001,$B$3,Model!$L$2:$L$1001,$B$4,Model!$I$2:$I$1001,$T89) -> 2 | V89: =SUMIFS(Model!$N$2:$N$1001,Model!$J$2:$J$1001,$B$3,Model!$L$2:$L$1001,$B$4,Model!$I$2:$I$1001,$T89) -> 9371 | W89: =$U89+$V89/1000000000+ROW()/1000000000000 -> 2.0000094 | AC89: C083 | AD89: =INDEX(Customers!$B$2:$B$101,MATCH($AC89,Customers!$A$2:$A$101,0)) -> Aaryahi Sodhi | AE89: =SUMIFS(Model!$N$2:$N$1001,Model!$J$2:$J$1001,$B$3,Model!$L$2:$L$1001,$B$4,Model!$B$2:$B$1001,$AC89) -> 42088 | AF89: =COUNTIFS(Model!$J$2:$J$1001,$B$3,Model!$L$2:$L$1001,$B$4,Model!$B$2:$B$1001,$AC89) -> 14 | AG89: =$AE89+ROW()/1000000 -> 42088
A90: ₹1,000 - 1,499 | B90: =SUMIFS(Model!$N$2:$N$1001,Model!$J$2:$J$1001,$B$3,Model!$L$2:$L$1001,$B$4,Model!$X$2:$X$1001,$A90) -> 1029016 | C90: =COUNTIFS(Model!$J$2:$J$1001,$B$3,Model!$L$2:$L$1001,$B$4,Model!$X$2:$X$1001,$A90) -> 276 | D90: =IFERROR($B90/SUM($B$88:$B$91),0) -> 0.29225239 | T90: Dibrugarh | U90: =COUNTIFS(Model!$J$2:$J$1001,$B$3,Model!$L$2:$L$1001,$B$4,Model!$I$2:$I$1001,$T90) -> 3 | V90: =SUMIFS(Model!$N$2:$N$1001,Model!$J$2:$J$1001,$B$3,Model!$L$2:$L$1001,$B$4,Model!$I$2:$I$1001,$T90) -> 13182 | W90: =$U90+$V90/1000000000+ROW()/1000000000000 -> 3.0000132 | AC90: C084 | AD90: =INDEX(Customers!$B$2:$B$101,MATCH($AC90,Customers!$A$2:$A$101,0)) -> Anahita Shankar | AE90: =SUMIFS(Model!$N$2:$N$1001,Model!$J$2:$J$1001,$B$3,Model!$L$2:$L$1001,$B$4,Model!$B$2:$B$1001,$AC90) -> 49100 | AF90: =COUNTIFS(Model!$J$2:$J$1001,$B$3,Model!$L$2:$L$1001,$B$4,Model!$B$2:$B$1001,$AC90) -> 13 | AG90: =$AE90+ROW()/1000000 -> 49100
A91: ₹1,500 - 2,000 | B91: =SUMIFS(Model!$N$2:$N$1001,Model!$J$2:$J$1001,$B$3,Model!$L$2:$L$1001,$B$4,Model!$X$2:$X$1001,$A91) -> 1777249 | C91: =COUNTIFS(Model!$J$2:$J$1001,$B$3,Model!$L$2:$L$1001,$B$4,Model!$X$2:$X$1001,$A91) -> 326 | D91: =IFERROR($B91/SUM($B$88:$B$91),0) -> 0.50475918 | T91: Dindigul | U91: =COUNTIFS(Model!$J$2:$J$1001,$B$3,Model!$L$2:$L$1001,$B$4,Model!$I$2:$I$1001,$T91) -> 1 | V91: =SUMIFS(Model!$N$2:$N$1001,Model!$J$2:$J$1001,$B$3,Model!$L$2:$L$1001,$B$4,Model!$I$2:$I$1001,$T91) -> 1865 | W91: =$U91+$V91/1000000000+ROW()/1000000000000 -> 1.0000019 | AC91: C085 | AD91: =INDEX(Customers!$B$2:$B$101,MATCH($AC91,Customers!$A$2:$A$101,0)) -> Bhamini Johal | AE91: =SUMIFS(Model!$N$2:$N$1001,Model!$J$2:$J$1001,$B$3,Model!$L$2:$L$1001,$B$4,Model!$B$2:$B$1001,$AC91) -> 23373 | AF91: =COUNTIFS(Model!$J$2:$J$1001,$B$3,Model!$L$2:$L$1001,$B$4,Model!$B$2:$B$1001,$AC91) -> 6 | AG91: =$AE91+ROW()/1000000 -> 23373
T92: Durg | U92: =COUNTIFS(Model!$J$2:$J$1001,$B$3,Model!$L$2:$L$1001,$B$4,Model!$I$2:$I$1001,$T92) -> 3 | V92: =SUMIFS(Model!$N$2:$N$1001,Model!$J$2:$J$1001,$B$3,Model!$L$2:$L$1001,$B$4,Model!$I$2:$I$1001,$T92) -> 9972 | W92: =$U92+$V92/1000000000+ROW()/1000000000000 -> 3.00001 | AC92: C086 | AD92: =INDEX(Customers!$B$2:$B$101,MATCH($AC92,Customers!$A$2:$A$101,0)) -> Ivana Amble | AE92: =SUMIFS(Model!$N$2:$N$1001,Model!$J$2:$J$1001,$B$3,Model!$L$2:$L$1001,$B$4,Model!$B$2:$B$1001,$AC92) -> 16532 | AF92: =COUNTIFS(Model!$J$2:$J$1001,$B$3,Model!$L$2:$L$1001,$B$4,Model!$B$2:$B$1001,$AC92) -> 5 | AG92: =$AE92+ROW()/1000000 -> 16532
T93: Durgapur | U93: =COUNTIFS(Model!$J$2:$J$1001,$B$3,Model!$L$2:$L$1001,$B$4,Model!$I$2:$I$1001,$T93) -> 5 | V93: =SUMIFS(Model!$N$2:$N$1001,Model!$J$2:$J$1001,$B$3,Model!$L$2:$L$1001,$B$4,Model!$I$2:$I$1001,$T93) -> 14203 | W93: =$U93+$V93/1000000000+ROW()/1000000000000 -> 5.0000142 | AC93: C087 | AD93: =INDEX(Customers!$B$2:$B$101,MATCH($AC93,Customers!$A$2:$A$101,0)) -> Rania Bhatt | AE93: =SUMIFS(Model!$N$2:$N$1001,Model!$J$2:$J$1001,$B$3,Model!$L$2:$L$1001,$B$4,Model!$B$2:$B$1001,$AC93) -> 47979 | AF93: =COUNTIFS(Model!$J$2:$J$1001,$B$3,Model!$L$2:$L$1001,$B$4,Model!$B$2:$B$1001,$AC93) -> 11 | AG93: =$AE93+ROW()/1000000 -> 47979
A94: Basket size (units per order) | T94: Eluru | U94: =COUNTIFS(Model!$J$2:$J$1001,$B$3,Model!$L$2:$L$1001,$B$4,Model!$I$2:$I$1001,$T94) -> 4 | V94: =SUMIFS(Model!$N$2:$N$1001,Model!$J$2:$J$1001,$B$3,Model!$L$2:$L$1001,$B$4,Model!$I$2:$I$1001,$T94) -> 10325 | W94: =$U94+$V94/1000000000+ROW()/1000000000000 -> 4.0000103 | AC94: C088 | AD94: =INDEX(Customers!$B$2:$B$101,MATCH($AC94,Customers!$A$2:$A$101,0)) -> Shalv Kulkarni | AE94: =SUMIFS(Model!$N$2:$N$1001,Model!$J$2:$J$1001,$B$3,Model!$L$2:$L$1001,$B$4,Model!$B$2:$B$1001,$AC94) -> 39375 | AF94: =COUNTIFS(Model!$J$2:$J$1001,$B$3,Model!$L$2:$L$1001,$B$4,Model!$B$2:$B$1001,$AC94) -> 10 | AG94: =$AE94+ROW()/1000000 -> 39375
A95: 1 unit | B95: =COUNTIFS(Model!$J$2:$J$1001,$B$3,Model!$L$2:$L$1001,$B$4,Model!$D$2:$D$1001,1) -> 196 | C95: =SUMIFS(Model!$N$2:$N$1001,Model!$J$2:$J$1001,$B$3,Model!$L$2:$L$1001,$B$4,Model!$D$2:$D$1001,1) -> 224620 | D95: =IFERROR($C95/SUM($C$95:$C$99),0) -> 0.063794666 | T95: Erode | U95: =COUNTIFS(Model!$J$2:$J$1001,$B$3,Model!$L$2:$L$1001,$B$4,Model!$I$2:$I$1001,$T95) -> 2 | V95: =SUMIFS(Model!$N$2:$N$1001,Model!$J$2:$J$1001,$B$3,Model!$L$2:$L$1001,$B$4,Model!$I$2:$I$1001,$T95) -> 4074 | W95: =$U95+$V95/1000000000+ROW()/1000000000000 -> 2.0000041 | AC95: C089 | AD95: =INDEX(Customers!$B$2:$B$101,MATCH($AC95,Customers!$A$2:$A$101,0)) -> Oorja Dey | AE95: =SUMIFS(Model!$N$2:$N$1001,Model!$J$2:$J$1001,$B$3,Model!$L$2:$L$1001,$B$4,Model!$B$2:$B$1001,$AC95) -> 43844 | AF95: =COUNTIFS(Model!$J$2:$J$1001,$B$3,Model!$L$2:$L$1001,$B$4,Model!$B$2:$B$1001,$AC95) -> 11 | AG95: =$AE95+ROW()/1000000 -> 43844
A96: 2 units | B96: =COUNTIFS(Model!$J$2:$J$1001,$B$3,Model!$L$2:$L$1001,$B$4,Model!$D$2:$D$1001,2) -> 192 | C96: =SUMIFS(Model!$N$2:$N$1001,Model!$J$2:$J$1001,$B$3,Model!$L$2:$L$1001,$B$4,Model!$D$2:$D$1001,2) -> 462264 | D96: =IFERROR($C96/SUM($C$95:$C$99),0) -> 0.1312883 | T96: Etawah | U96: =COUNTIFS(Model!$J$2:$J$1001,$B$3,Model!$L$2:$L$1001,$B$4,Model!$I$2:$I$1001,$T96) -> 4 | V96: =SUMIFS(Model!$N$2:$N$1001,Model!$J$2:$J$1001,$B$3,Model!$L$2:$L$1001,$B$4,Model!$I$2:$I$1001,$T96) -> 20149 | W96: =$U96+$V96/1000000000+ROW()/1000000000000 -> 4.0000201 | AC96: C090 | AD96: =INDEX(Customers!$B$2:$B$101,MATCH($AC96,Customers!$A$2:$A$101,0)) -> Drishya De | AE96: =SUMIFS(Model!$N$2:$N$1001,Model!$J$2:$J$1001,$B$3,Model!$L$2:$L$1001,$B$4,Model!$B$2:$B$1001,$AC96) -> 32456 | AF96: =COUNTIFS(Model!$J$2:$J$1001,$B$3,Model!$L$2:$L$1001,$B$4,Model!$B$2:$B$1001,$AC96) -> 9 | AG96: =$AE96+ROW()/1000000 -> 32456
A97: 3 units | B97: =COUNTIFS(Model!$J$2:$J$1001,$B$3,Model!$L$2:$L$1001,$B$4,Model!$D$2:$D$1001,3) -> 202 | C97: =SUMIFS(Model!$N$2:$N$1001,Model!$J$2:$J$1001,$B$3,Model!$L$2:$L$1001,$B$4,Model!$D$2:$D$1001,3) -> 659625 | D97: =IFERROR($C97/SUM($C$95:$C$99),0) -> 0.1873411 | T97: Faridabad | U97: =COUNTIFS(Model!$J$2:$J$1001,$B$3,Model!$L$2:$L$1001,$B$4,Model!$I$2:$I$1001,$T97) -> 2 | V97: =SUMIFS(Model!$N$2:$N$1001,Model!$J$2:$J$1001,$B$3,Model!$L$2:$L$1001,$B$4,Model!$I$2:$I$1001,$T97) -> 7875 | W97: =$U97+$V97/1000000000+ROW()/1000000000000 -> 2.0000079 | AC97: C091 | AD97: =INDEX(Customers!$B$2:$B$101,MATCH($AC97,Customers!$A$2:$A$101,0)) -> Adira Rajan | AE97: =SUMIFS(Model!$N$2:$N$1001,Model!$J$2:$J$1001,$B$3,Model!$L$2:$L$1001,$B$4,Model!$B$2:$B$1001,$AC97) -> 32001 | AF97: =COUNTIFS(Model!$J$2:$J$1001,$B$3,Model!$L$2:$L$1001,$B$4,Model!$B$2:$B$1001,$AC97) -> 12 | AG97: =$AE97+ROW()/1000000 -> 32001
A98: 4 units | B98: =COUNTIFS(Model!$J$2:$J$1001,$B$3,Model!$L$2:$L$1001,$B$4,Model!$D$2:$D$1001,4) -> 191 | C98: =SUMIFS(Model!$N$2:$N$1001,Model!$J$2:$J$1001,$B$3,Model!$L$2:$L$1001,$B$4,Model!$D$2:$D$1001,4) -> 911720 | D98: =IFERROR($C98/SUM($C$95:$C$99),0) -> 0.25893898 | T98: Farrukhabad | U98: =COUNTIFS(Model!$J$2:$J$1001,$B$3,Model!$L$2:$L$1001,$B$4,Model!$I$2:$I$1001,$T98) -> 1 | V98: =SUMIFS(Model!$N$2:$N$1001,Model!$J$2:$J$1001,$B$3,Model!$L$2:$L$1001,$B$4,Model!$I$2:$I$1001,$T98) -> 289 | W98: =$U98+$V98/1000000000+ROW()/1000000000000 -> 1.0000003 | AC98: C092 | AD98: =INDEX(Customers!$B$2:$B$101,MATCH($AC98,Customers!$A$2:$A$101,0)) -> Zoya Mani | AE98: =SUMIFS(Model!$N$2:$N$1001,Model!$J$2:$J$1001,$B$3,Model!$L$2:$L$1001,$B$4,Model!$B$2:$B$1001,$AC98) -> 42178 | AF98: =COUNTIFS(Model!$J$2:$J$1001,$B$3,Model!$L$2:$L$1001,$B$4,Model!$B$2:$B$1001,$AC98) -> 12 | AG98: =$AE98+ROW()/1000000 -> 42178
A99: 5 units | B99: =COUNTIFS(Model!$J$2:$J$1001,$B$3,Model!$L$2:$L$1001,$B$4,Model!$D$2:$D$1001,5) -> 219 | C99: =SUMIFS(Model!$N$2:$N$1001,Model!$J$2:$J$1001,$B$3,Model!$L$2:$L$1001,$B$4,Model!$D$2:$D$1001,5) -> 1262755 | D99: =IFERROR($C99/SUM($C$95:$C$99),0) -> 0.35863696 | T99: Fatehpur | U99: =COUNTIFS(Model!$J$2:$J$1001,$B$3,Model!$L$2:$L$1001,$B$4,Model!$I$2:$I$1001,$T99) -> 2 | V99: =SUMIFS(Model!$N$2:$N$1001,Model!$J$2:$J$1001,$B$3,Model!$L$2:$L$1001,$B$4,Model!$I$2:$I$1001,$T99) -> 9194 | W99: =$U99+$V99/1000000000+ROW()/1000000000000 -> 2.0000092 | AC99: C093 | AD99: =INDEX(Customers!$B$2:$B$101,MATCH($AC99,Customers!$A$2:$A$101,0)) -> Mamooty Bawa | AE99: =SUMIFS(Model!$N$2:$N$1001,Model!$J$2:$J$1001,$B$3,Model!$L$2:$L$1001,$B$4,Model!$B$2:$B$1001,$AC99) -> 34849 | AF99: =COUNTIFS(Model!$J$2:$J$1001,$B$3,Model!$L$2:$L$1001,$B$4,Model!$B$2:$B$1001,$AC99) -> 10 | AG99: =$AE99+ROW()/1000000 -> 34849
T100: Gandhidham | U100: =COUNTIFS(Model!$J$2:$J$1001,$B$3,Model!$L$2:$L$1001,$B$4,Model!$I$2:$I$1001,$T100) -> 4 | V100: =SUMIFS(Model!$N$2:$N$1001,Model!$J$2:$J$1001,$B$3,Model!$L$2:$L$1001,$B$4,Model!$I$2:$I$1001,$T100) -> 11363 | W100: =$U100+$V100/1000000000+ROW()/1000000000000 -> 4.0000114 | AC100: C094 | AD100: =INDEX(Customers!$B$2:$B$101,MATCH($AC100,Customers!$A$2:$A$101,0)) -> Raghav Babu | AE100: =SUMIFS(Model!$N$2:$N$1001,Model!$J$2:$J$1001,$B$3,Model!$L$2:$L$1001,$B$4,Model!$B$2:$B$1001,$AC100) -> 31041 | AF100: =COUNTIFS(Model!$J$2:$J$1001,$B$3,Model!$L$2:$L$1001,$B$4,Model!$B$2:$B$1001,$AC100) -> 7 | AG100: =$AE100+ROW()/1000000 -> 31041
T101: Gandhinagar | U101: =COUNTIFS(Model!$J$2:$J$1001,$B$3,Model!$L$2:$L$1001,$B$4,Model!$I$2:$I$1001,$T101) -> 2 | V101: =SUMIFS(Model!$N$2:$N$1001,Model!$J$2:$J$1001,$B$3,Model!$L$2:$L$1001,$B$4,Model!$I$2:$I$1001,$T101) -> 4917 | W101: =$U101+$V101/1000000000+ROW()/1000000000000 -> 2.0000049 | AC101: C095 | AD101: =INDEX(Customers!$B$2:$B$101,MATCH($AC101,Customers!$A$2:$A$101,0)) -> Mahika Cherian | AE101: =SUMIFS(Model!$N$2:$N$1001,Model!$J$2:$J$1001,$B$3,Model!$L$2:$L$1001,$B$4,Model!$B$2:$B$1001,$AC101) -> 45692 | AF101: =COUNTIFS(Model!$J$2:$J$1001,$B$3,Model!$L$2:$L$1001,$B$4,Model!$B$2:$B$1001,$AC101) -> 11 | AG101: =$AE101+ROW()/1000000 -> 45692
...

Sheet Model
A1: Order_ID | B1: Customer_ID | C1: Product_ID | D1: Quantity | E1: Order_Date | F1: Order_Time | G1: Delivery_Date | H1: Delivery_Time | I1: Location | J1: Occasion | K1: Product_Name | L1: Category | M1: Unit_Price | N1: Revenue | O1: Buyer_City | P1: Gender | Q1: Customer_Name | R1: Month_No | S1: Month | T1: Hour | U1: Day_No | V1: Weekday | W1: Lead_Days | X1: Price_Band | Y1: Lead_Bucket
A2: 1 | B2: C037 | C2: 67 | D2: 5 | E2: 44981 | F2: 0.99181713 | G2: 44990 | H2: 0.31053241 | I2: Bardhaman | J2: Anniversary | K2: =INDEX(Products!$B$2:$B$71,MATCH($C2,Products!$A$2:$A$71,0)) -> Maiores Box | L2: =INDEX(Products!$C$2:$C$71,MATCH($C2,Products!$A$2:$A$71,0)) -> Raksha Bandhan | M2: =INDEX(Products!$D$2:$D$71,MATCH($C2,Products!$A$2:$A$71,0)) -> 1374 | N2: =$D2*$M2 -> 6870 | O2: =INDEX(Customers!$C$2:$C$101,MATCH($B2,Customers!$A$2:$A$101,0)) -> Davanagere | P2: =INDEX(Customers!$F$2:$F$101,MATCH($B2,Customers!$A$2:$A$101,0)) -> Male | Q2: =INDEX(Customers!$B$2:$B$101,MATCH($B2,Customers!$A$2:$A$101,0)) -> Aradhya Kumar | R2: =MONTH($E2) -> 2 | S2: =INDEX(Lists!$B$2:$B$13,$R2) -> February | T2: =HOUR($F2) -> 23 | U2: =WEEKDAY($E2,2) -> 5 | V2: =INDEX(Lists!$F$2:$F$8,$U2) -> Friday | W2: =($G2+$H2)-($E2+$F2) -> 8.3187153 | X2: =LOOKUP($M2,Lists!$G$2:$G$5,Lists!$H$2:$H$5) -> ₹1,000 - 1,499 | Y2: =LOOKUP($W2,Lists!$I$2:$I$7,Lists!$J$2:$J$7) -> 8 - 10 days
A3: 2 | B3: C019 | C3: 41 | D3: 2 | E3: 45237 | F3: 0.979375 | G3: 45243 | H3: 0.30297454 | I3: Jaipur | J3: Diwali | K3: =INDEX(Products!$B$2:$B$71,MATCH($C3,Products!$A$2:$A$71,0)) -> Aut Box | L3: =INDEX(Products!$C$2:$C$71,MATCH($C3,Products!$A$2:$A$71,0)) -> Sweets | M3: =INDEX(Products!$D$2:$D$71,MATCH($C3,Products!$A$2:$A$71,0)) -> 1977 | N3: =$D3*$M3 -> 3954 | O3: =INDEX(Customers!$C$2:$C$101,MATCH($B3,Customers!$A$2:$A$101,0)) -> Danapur | P3: =INDEX(Customers!$F$2:$F$101,MATCH($B3,Customers!$A$2:$A$101,0)) -> Male | Q3: =INDEX(Customers!$B$2:$B$101,MATCH($B3,Customers!$A$2:$A$101,0)) -> Amira Sengupta | R3: =MONTH($E3) -> 11 | S3: =INDEX(Lists!$B$2:$B$13,$R3) -> November | T3: =HOUR($F3) -> 23 | U3: =WEEKDAY($E3,2) -> 2 | V3: =INDEX(Lists!$F$2:$F$8,$U3) -> Tuesday | W3: =($G3+$H3)-($E3+$F3) -> 5.3235995 | X3: =LOOKUP($M3,Lists!$G$2:$G$5,Lists!$H$2:$H$5) -> ₹1,500 - 2,000 | Y3: =LOOKUP($W3,Lists!$I$2:$I$7,Lists!$J$2:$J$7) -> 4 - 6 days
A4: 3 | B4: C029 | C4: 67 | D4: 5 | E4: 45121 | F4: 0.80003472 | G4: 45126 | H4: 0.73541667 | I4: Bilaspur | J4: Anniversary | K4: =INDEX(Products!$B$2:$B$71,MATCH($C4,Products!$A$2:$A$71,0)) -> Maiores Box | L4: =INDEX(Products!$C$2:$C$71,MATCH($C4,Products!$A$2:$A$71,0)) -> Raksha Bandhan | M4: =INDEX(Products!$D$2:$D$71,MATCH($C4,Products!$A$2:$A$71,0)) -> 1374 | N4: =$D4*$M4 -> 6870 | O4: =INDEX(Customers!$C$2:$C$101,MATCH($B4,Customers!$A$2:$A$101,0)) -> Haridwar | P4: =INDEX(Customers!$F$2:$F$101,MATCH($B4,Customers!$A$2:$A$101,0)) -> Female | Q4: =INDEX(Customers!$B$2:$B$101,MATCH($B4,Customers!$A$2:$A$101,0)) -> Badal Sathe | R4: =MONTH($E4) -> 7 | S4: =INDEX(Lists!$B$2:$B$13,$R4) -> July | T4: =HOUR($F4) -> 19 | U4: =WEEKDAY($E4,2) -> 5 | V4: =INDEX(Lists!$F$2:$F$8,$U4) -> Friday | W4: =($G4+$H4)-($E4+$F4) -> 4.9353819 | X4: =LOOKUP($M4,Lists!$G$2:$G$5,Lists!$H$2:$H$5) -> ₹1,000 - 1,499 | Y4: =LOOKUP($W4,Lists!$I$2:$I$7,Lists!$J$2:$J$7) -> 4 - 6 days
A5: 4 | B5: C012 | C5: 14 | D5: 5 | E5: 45117 | F5: 0.19755787 | G5: 45126 | H5: 0.27318287 | I5: Guwahati | J5: Birthday | K5: =INDEX(Products!$B$2:$B$71,MATCH($C5,Products!$A$2:$A$71,0)) -> Deserunt Box | L5: =INDEX(Products!$C$2:$C$71,MATCH($C5,Products!$A$2:$A$71,0)) -> Colors | M5: =INDEX(Products!$D$2:$D$71,MATCH($C5,Products!$A$2:$A$71,0)) -> 1915 | N5: =$D5*$M5 -> 9575 | O5: =INDEX(Customers!$C$2:$C$101,MATCH($B5,Customers!$A$2:$A$101,0)) -> Bilaspur | P5: =INDEX(Customers!$F$2:$F$101,MATCH($B5,Customers!$A$2:$A$101,0)) -> Male | Q5: =INDEX(Customers!$B$2:$B$101,MATCH($B5,Customers!$A$2:$A$101,0)) -> Onkar Mangat | R5: =MONTH($E5) -> 7 | S5: =INDEX(Lists!$B$2:$B$13,$R5) -> July | T5: =HOUR($F5) -> 4 | U5: =WEEKDAY($E5,2) -> 1 | V5: =INDEX(Lists!$F$2:$F$8,$U5) -> Monday | W5: =($G5+$H5)-($E5+$F5) -> 9.075625 | X5: =LOOKUP($M5,Lists!$G$2:$G$5,Lists!$H$2:$H$5) -> ₹1,500 - 2,000 | Y5: =LOOKUP($W5,Lists!$I$2:$I$7,Lists!$J$2:$J$7) -> 8 - 10 days
A6: 5 | B6: C078 | C6: 58 | D6: 2 | E6: 44968 | F6: 0.82277778 | G6: 44975 | H6: 0.46449074 | I6: Rajkot | J6: Valentine's Day | K6: =INDEX(Products!$B$2:$B$71,MATCH($C6,Products!$A$2:$A$71,0)) -> Sed Pack | L6: =INDEX(Products!$C$2:$C$71,MATCH($C6,Products!$A$2:$A$71,0)) -> Cake | M6: =INDEX(Products!$D$2:$D$71,MATCH($C6,Products!$A$2:$A$71,0)) -> 1492 | N6: =$D6*$M6 -> 2984 | O6: =INDEX(Customers!$C$2:$C$101,MATCH($B6,Customers!$A$2:$A$101,0)) -> Bhubaneswar | P6: =INDEX(Customers!$F$2:$F$101,MATCH($B6,Customers!$A$2:$A$101,0)) -> Female | Q6: =INDEX(Customers!$B$2:$B$101,MATCH($B6,Customers!$A$2:$A$101,0)) -> Jivika Rajan | R6: =MONTH($E6) -> 2 | S6: =INDEX(Lists!$B$2:$B$13,$R6) -> February | T6: =HOUR($F6) -> 19 | U6: =WEEKDAY($E6,2) -> 6 | V6: =INDEX(Lists!$F$2:$F$8,$U6) -> Saturday | W6: =($G6+$H6)-($E6+$F6) -> 6.641713 | X6: =LOOKUP($M6,Lists!$G$2:$G$5,Lists!$H$2:$H$5) -> ₹1,000 - 1,499 | Y6: =LOOKUP($W6,Lists!$I$2:$I$7,Lists!$J$2:$J$7) -> 6 - 8 days
A7: 6 | B7: C040 | C7: 28 | D7: 4 | E7: 45158 | F7: 0.92471065 | G7: 45164 | H7: 0.79636574 | I7: Sirsa | J7: Raksha Bandhan | K7: =INDEX(Products!$B$2:$B$71,MATCH($C7,Products!$A$2:$A$71,0)) -> Velit Set | L7: =INDEX(Products!$C$2:$C$71,MATCH($C7,Products!$A$2:$A$71,0)) -> Sweets | M7: =INDEX(Products!$D$2:$D$71,MATCH($C7,Products!$A$2:$A$71,0)) -> 1778 | N7: =$D7*$M7 -> 7112 | O7: =INDEX(Customers!$C$2:$C$101,MATCH($B7,Customers!$A$2:$A$101,0)) -> Pallavaram | P7: =INDEX(Customers!$F$2:$F$101,MATCH($B7,Customers!$A$2:$A$101,0)) -> Female | Q7: =INDEX(Customers!$B$2:$B$101,MATCH($B7,Customers!$A$2:$A$101,0)) -> Hazel Mangat | R7: =MONTH($E7) -> 8 | S7: =INDEX(Lists!$B$2:$B$13,$R7) -> August | T7: =HOUR($F7) -> 22 | U7: =WEEKDAY($E7,2) -> 7 | V7: =INDEX(Lists!$F$2:$F$8,$U7) -> Sunday | W7: =($G7+$H7)-($E7+$F7) -> 5.8716551 | X7: =LOOKUP($M7,Lists!$G$2:$G$5,Lists!$H$2:$H$5) -> ₹1,500 - 2,000 | Y7: =LOOKUP($W7,Lists!$I$2:$I$7,Lists!$J$2:$J$7) -> 4 - 6 days
A8: 7 | B8: C009 | C8: 45 | D8: 2 | E8: 45054 | F8: 0.07306713 | G8: 45059 | H8: 0.42172454 | I8: Nanded | J8: Birthday | K8: =INDEX(Products!$B$2:$B$71,MATCH($C8,Products!$A$2:$A$71,0)) -> Iusto Set | L8: =INDEX(Products!$C$2:$C$71,MATCH($C8,Products!$A$2:$A$71,0)) -> Raksha Bandhan | M8: =INDEX(Products!$D$2:$D$71,MATCH($C8,Products!$A$2:$A$71,0)) -> 722 | N8: =$D8*$M8 -> 1444 | O8: =INDEX(Customers!$C$2:$C$101,MATCH($B8,Customers!$A$2:$A$101,0)) -> Madurai | P8: =INDEX(Customers!$F$2:$F$101,MATCH($B8,Customers!$A$2:$A$101,0)) -> Female | Q8: =INDEX(Customers!$B$2:$B$101,MATCH($B8,Customers!$A$2:$A$101,0)) -> Ritvik Borah | R8: =MONTH($E8) -> 5 | S8: =INDEX(Lists!$B$2:$B$13,$R8) -> May | T8: =HOUR($F8) -> 1 | U8: =WEEKDAY($E8,2) -> 1 | V8: =INDEX(Lists!$F$2:$F$8,$U8) -> Monday | W8: =($G8+$H8)-($E8+$F8) -> 5.3486574 | X8: =LOOKUP($M8,Lists!$G$2:$G$5,Lists!$H$2:$H$5) -> ₹500 - 999 | Y8: =LOOKUP($W8,Lists!$I$2:$I$7,Lists!$J$2:$J$7) -> 4 - 6 days
A9: 8 | B9: C097 | C9: 43 | D9: 3 | E9: 45238 | F9: 0.8055787 | G9: 45244 | H9: 0.36440972 | I9: Morena | J9: Diwali | K9: =INDEX(Products!$B$2:$B$71,MATCH($C9,Products!$A$2:$A$71,0)) -> Quisquam Pack | L9: =INDEX(Products!$C$2:$C$71,MATCH($C9,Products!$A$2:$A$71,0)) -> Raksha Bandhan | M9: =INDEX(Products!$D$2:$D$71,MATCH($C9,Products!$A$2:$A$71,0)) -> 750 | N9: =$D9*$M9 -> 2250 | O9: =INDEX(Customers!$C$2:$C$101,MATCH($B9,Customers!$A$2:$A$101,0)) -> Sri Ganganagar | P9: =INDEX(Customers!$F$2:$F$101,MATCH($B9,Customers!$A$2:$A$101,0)) -> Female | Q9: =INDEX(Customers!$B$2:$B$101,MATCH($B9,Customers!$A$2:$A$101,0)) -> Nakul Randhawa | R9: =MONTH($E9) -> 11 | S9: =INDEX(Lists!$B$2:$B$13,$R9) -> November | T9: =HOUR($F9) -> 19 | U9: =WEEKDAY($E9,2) -> 3 | V9: =INDEX(Lists!$F$2:$F$8,$U9) -> Wednesday | W9: =($G9+$H9)-($E9+$F9) -> 5.558831 | X9: =LOOKUP($M9,Lists!$G$2:$G$5,Lists!$H$2:$H$5) -> ₹500 - 999 | Y9: =LOOKUP($W9,Lists!$I$2:$I$7,Lists!$J$2:$J$7) -> 4 - 6 days
A10: 9 | B10: C044 | C10: 27 | D10: 4 | E10: 45158 | F10: 0.98600694 | G10: 45167 | H10: 0.99993056 | I10: Rajkot | J10: Raksha Bandhan | K10: =INDEX(Products!$B$2:$B$71,MATCH($C10,Products!$A$2:$A$71,0)) -> Architecto Gift | L10: =INDEX(Products!$C$2:$C$71,MATCH($C10,Products!$A$2:$A$71,0)) -> Cake | M10: =INDEX(Products!$D$2:$D$71,MATCH($C10,Products!$A$2:$A$71,0)) -> 548 | N10: =$D10*$M10 -> 2192 | O10: =INDEX(Customers!$C$2:$C$101,MATCH($B10,Customers!$A$2:$A$101,0)) -> Agra | P10: =INDEX(Customers!$F$2:$F$101,MATCH($B10,Customers!$A$2:$A$101,0)) -> Male | Q10: =INDEX(Customers!$B$2:$B$101,MATCH($B10,Customers!$A$2:$A$101,0)) -> Seher Mann | R10: =MONTH($E10) -> 8 | S10: =INDEX(Lists!$B$2:$B$13,$R10) -> August | T10: =HOUR($F10) -> 23 | U10: =WEEKDAY($E10,2) -> 7 | V10: =INDEX(Lists!$F$2:$F$8,$U10) -> Sunday | W10: =($G10+$H10)-($E10+$F10) -> 9.0139236 | X10: =LOOKUP($M10,Lists!$G$2:$G$5,Lists!$H$2:$H$5) -> ₹500 - 999 | Y10: =LOOKUP($W10,Lists!$I$2:$I$7,Lists!$J$2:$J$7) -> 8 - 10 days
A11: 10 | B11: C099 | C11: 56 | D11: 3 | E11: 44983 | F11: 0.012106481 | G11: 44993 | H11: 0.86646991 | I11: Ambala | J11: Anniversary | K11: =INDEX(Products!$B$2:$B$71,MATCH($C11,Products!$A$2:$A$71,0)) -> Quia Gift | L11: =INDEX(Products!$C$2:$C$71,MATCH($C11,Products!$A$2:$A$71,0)) -> Raksha Bandhan | M11: =INDEX(Products!$D$2:$D$71,MATCH($C11,Products!$A$2:$A$71,0)) -> 1272 | N11: =$D11*$M11 -> 3816 | O11: =INDEX(Customers!$C$2:$C$101,MATCH($B11,Customers!$A$2:$A$101,0)) -> Dhanbad | P11: =INDEX(Customers!$F$2:$F$101,MATCH($B11,Customers!$A$2:$A$101,0)) -> Female | Q11: =INDEX(Customers!$B$2:$B$101,MATCH($B11,Customers!$A$2:$A$101,0)) -> Ranbir Loyal | R11: =MONTH($E11) -> 2 | S11: =INDEX(Lists!$B$2:$B$13,$R11) -> February | T11: =HOUR($F11) -> 0 | U11: =WEEKDAY($E11,2) -> 7 | V11: =INDEX(Lists!$F$2:$F$8,$U11) -> Sunday | W11: =($G11+$H11)-($E11+$F11) -> 10.854363 | X11: =LOOKUP($M11,Lists!$G$2:$G$5,Lists!$H$2:$H$5) -> ₹1,000 - 1,499 | Y11: =LOOKUP($W11,Lists!$I$2:$I$7,Lists!$J$2:$J$7) -> Over 10 days
A12: 11 | B12: C065 | C12: 16 | D12: 4 | E12: 44987 | F12: 0.84369213 | G12: 44988 | H12: 0.97207176 | I12: Belgaum | J12: Holi | K12: =INDEX(Products!$B$2:$B$71,MATCH($C12,Products!$A$2:$A$71,0)) -> Ut Pack | L12: =INDEX(Products!$C$2:$C$71,MATCH($C12,Products!$A$2:$A$71,0)) -> Sweets | M12: =INDEX(Products!$D$2:$D$71,MATCH($C12,Products!$A$2:$A$71,0)) -> 1721 | N12: =$D12*$M12 -> 6884 | O12: =INDEX(Customers!$C$2:$C$101,MATCH($B12,Customers!$A$2:$A$101,0)) -> North Dumdum | P12: =INDEX(Customers!$F$2:$F$101,MATCH($B12,Customers!$A$2:$A$101,0)) -> Male | Q12: =INDEX(Customers!$B$2:$B$101,MATCH($B12,Customers!$A$2:$A$101,0)) -> Badal Vora | R12: =MONTH($E12) -> 3 | S12: =INDEX(Lists!$B$2:$B$13,$R12) -> March | T12: =HOUR($F12) -> 20 | U12: =WEEKDAY($E12,2) -> 4 | V12: =INDEX(Lists!$F$2:$F$8,$U12) -> Thursday | W12: =($G12+$H12)-($E12+$F12) -> 1.1283796 | X12: =LOOKUP($M12,Lists!$G$2:$G$5,Lists!$H$2:$H$5) -> ₹1,500 - 2,000 | Y12: =LOOKUP($W12,Lists!$I$2:$I$7,Lists!$J$2:$J$7) -> 0 - 2 days
A13: 12 | B13: C097 | C13: 38 | D13: 3 | E13: 45119 | F13: 0.35342593 | G13: 45127 | H13: 0.98260417 | I13: Karnal | J13: Birthday | K13: =INDEX(Products!$B$2:$B$71,MATCH($C13,Products!$A$2:$A$71,0)) -> Mollitia Set | L13: =INDEX(Products!$C$2:$C$71,MATCH($C13,Products!$A$2:$A$71,0)) -> Cake | M13: =INDEX(Products!$D$2:$D$71,MATCH($C13,Products!$A$2:$A$71,0)) -> 562 | N13: =$D13*$M13 -> 1686 | O13: =INDEX(Customers!$C$2:$C$101,MATCH($B13,Customers!$A$2:$A$101,0)) -> Sri Ganganagar | P13: =INDEX(Customers!$F$2:$F$101,MATCH($B13,Customers!$A$2:$A$101,0)) -> Female | Q13: =INDEX(Customers!$B$2:$B$101,MATCH($B13,Customers!$A$2:$A$101,0)) -> Nakul Randhawa | R13: =MONTH($E13) -> 7 | S13: =INDEX(Lists!$B$2:$B$13,$R13) -> July | T13: =HOUR($F13) -> 8 | U13: =WEEKDAY($E13,2) -> 3 | V13: =INDEX(Lists!$F$2:$F$8,$U13) -> Wednesday | W13: =($G13+$H13)-($E13+$F13) -> 8.6291782 | X13: =LOOKUP($M13,Lists!$G$2:$G$5,Lists!$H$2:$H$5) -> ₹500 - 999 | Y13: =LOOKUP($W13,Lists!$I$2:$I$7,Lists!$J$2:$J$7) -> 8 - 10 days
... A1001: 1000 | B1001: C012 | C1001: 27 | D1001: 4 | E1001: 45163 | F1001: 0.05744213 | G1001: 45169 | H1001: 0.2902662 | I1001: Tadepalligudem | J1001: Raksha Bandhan | K1001: =INDEX(Products!$B$2:$B$71,MATCH($C1001,Products!$A$2:$A$71,0)) -> Architecto Gift | L1001: =INDEX(Products!$C$2:$C$71,MATCH($C1001,Products!$A$2:$A$71,0)) -> Cake | M1001: =INDEX(Products!$D$2:$D$71,MATCH($C1001,Products!$A$2:$A$71,0)) -> 548 | N1001: =$D1001*$M1001 -> 2192 | O1001: =INDEX(Customers!$C$2:$C$101,MATCH($B1001,Customers!$A$2:$A$101,0)) -> Bilaspur | P1001: =INDEX(Customers!$F$2:$F$101,MATCH($B1001,Customers!$A$2:$A$101,0)) -> Male | Q1001: =INDEX(Customers!$B$2:$B$101,MATCH($B1001,Customers!$A$2:$A$101,0)) -> Onkar Mangat | R1001: =MONTH($E1001) -> 8 | S1001: =INDEX(Lists!$B$2:$B$13,$R1001) -> August | T1001: =HOUR($F1001) -> 1 | U1001: =WEEKDAY($E1001,2) -> 5 | V1001: =INDEX(Lists!$F$2:$F$8,$U1001) -> Friday | W1001: =($G1001+$H1001)-($E1001+$F1001) -> 6.2328241 | X1001: =LOOKUP($M1001,Lists!$G$2:$G$5,Lists!$H$2:$H$5) -> ₹500 - 999 | Y1001: =LOOKUP($W1001,Lists!$I$2:$I$7,Lists!$J$2:$J$7) -> 6 - 8 days

Sheet Orders
A1: Order_ID | B1: Customer_ID | C1: Product_ID | D1: Quantity | E1: Order_Date | F1: Order_Time | G1: Delivery_Date | H1: Delivery_Time | I1: Location | J1: Occasion
A2: 1 | B2: C037 | C2: 67 | D2: 5 | E2: 44981 | F2: 0.99181713 | G2: 44990 | H2: 0.31053241 | I2: Bardhaman | J2: Anniversary
A3: 2 | B3: C019 | C3: 41 | D3: 2 | E3: 45237 | F3: 0.979375 | G3: 45243 | H3: 0.30297454 | I3: Jaipur | J3: Diwali
A4: 3 | B4: C029 | C4: 67 | D4: 5 | E4: 45121 | F4: 0.80003472 | G4: 45126 | H4: 0.73541667 | I4: Bilaspur | J4: Anniversary
A5: 4 | B5: C012 | C5: 14 | D5: 5 | E5: 45117 | F5: 0.19755787 | G5: 45126 | H5: 0.27318287 | I5: Guwahati | J5: Birthday
A6: 5 | B6: C078 | C6: 58 | D6: 2 | E6: 44968 | F6: 0.82277778 | G6: 44975 | H6: 0.46449074 | I6: Rajkot | J6: Valentine's Day
A7: 6 | B7: C040 | C7: 28 | D7: 4 | E7: 45158 | F7: 0.92471065 | G7: 45164 | H7: 0.79636574 | I7: Sirsa | J7: Raksha Bandhan
A8: 7 | B8: C009 | C8: 45 | D8: 2 | E8: 45054 | F8: 0.07306713 | G8: 45059 | H8: 0.42172454 | I8: Nanded | J8: Birthday
A9: 8 | B9: C097 | C9: 43 | D9: 3 | E9: 45238 | F9: 0.8055787 | G9: 45244 | H9: 0.36440972 | I9: Morena | J9: Diwali
A10: 9 | B10: C044 | C10: 27 | D10: 4 | E10: 45158 | F10: 0.98600694 | G10: 45167 | H10: 0.99993056 | I10: Rajkot | J10: Raksha Bandhan
A11: 10 | B11: C099 | C11: 56 | D11: 3 | E11: 44983 | F11: 0.012106481 | G11: 44993 | H11: 0.86646991 | I11: Ambala | J11: Anniversary
A12: 11 | B12: C065 | C12: 16 | D12: 4 | E12: 44987 | F12: 0.84369213 | G12: 44988 | H12: 0.97207176 | I12: Belgaum | J12: Holi
A13: 12 | B13: C097 | C13: 38 | D13: 3 | E13: 45119 | F13: 0.35342593 | G13: 45127 | H13: 0.98260417 | I13: Karnal | J13: Birthday
... A1001: 1000 | B1001: C012 | C1001: 27 | D1001: 4 | E1001: 45163 | F1001: 0.05744213 | G1001: 45169 | H1001: 0.2902662 | I1001: Tadepalligudem | J1001: Raksha Bandhan

Sheet Products
A1: Product_ID | B1: Product_Name | C1: Category | D1: Price (INR) | E1: Occasion | F1: Description
A2: 1 | B2: Magnam Set | C2: Soft Toys | D2: 1935 | E2: All Occasions | F2: Quam numquam iste sunt nemo.
A3: 2 | B3: Voluptas Box | C3: Plants | D3: 441 | E3: Valentine's Day | F3: At quaerat animi nemo.
A4: 3 | B4: Eius Gift | C4: Colors | D4: 1534 | E4: Valentine's Day | F4: Deserunt pariatur mollitia voluptatem.
A5: 4 | B5: Accusantium Set | C5: Sweets | D5: 1199 | E5: Diwali | F5: Corporis odio consequatur perferendis repellendus laudantium deserunt.
A6: 5 | B6: Natus Gift | C6: Colors | D6: 1444 | E6: All Occasions | F6: Quis occaecati reprehenderit facere tenetur illum exercitationem.
A7: 6 | B7: Quos Box | C7: Cake | D7: 1112 | E7: Holi | F7: Eum deleniti adipisci vero neque.
A8: 7 | B8: Quos Set | C8: Soft Toys | D8: 409 | E8: Holi | F8: Sint accusamus veritatis exercitationem corporis.
A9: 8 | B9: Qui Box | C9: Sweets | D9: 252 | E9: Anniversary | F9: Praesentium necessitatibus quos esse neque.
A10: 9 | B10: Aperiam Box | C10: Colors | D10: 1605 | E10: Raksha Bandhan | F10: Explicabo totam quaerat a quaerat ducimus officia.
A11: 10 | B11: Accusantium Gift | C11: Cake | D11: 259 | E11: Birthday | F11: Minima nobis repellendus distinctio a veritatis voluptate eaque.
A12: 11 | B12: Maxime Set | C12: Mugs | D12: 1096 | E12: Valentine's Day | F12: Sapiente exercitationem illo sed ea.
A13: 12 | B13: Non Set | C13: Plants | D13: 672 | E13: Anniversary | F13: Fugiat id similique minima corrupti ut sint sapiente.
... A71: 70 | B71: Error Gift | C71: Sweets | D71: 866 | E71: Birthday | F71: Debitis provident illo aliquam debitis.

Sheet Customers
A1: Customer_ID | B1: Name | C1: City | D1: Contact_Number | E1: Email | F1: Gender | G1: Address
A2: C001 | B2: Tara Krishnan | C2: Panchkula | D2: 917193971454 | E2: mandrati@chad.org | F2: Female | G2: 65/04, Dhawan Marg, Rajpur Sonarpur 590551
A3: C002 | B3: Myra Edwin | C3: Bulandshahr | D3: 8915420519 | E3: yshukla@hotmail.com | F3: Female | G3: H.No. 78, Sharaf Ganj, Indore 928261
A4: C003 | B4: Jayesh Lanka | C4: Bilaspur | D4: 7400208126 | E4: kavyabarad@hotmail.com | F4: Male | G4: H.No. 53, Krishna Ganj, Dhule-346480
A5: C004 | B5: Tarini Bava | C5: Miryalaguda | D5: 7232349928 | E5: vsen@hotmail.com | F5: Male | G5: 145, Sibal, Rourkela-650344
A6: C005 | B6: Hiran Kaul | C6: Kottayam | D6: 2207644242 | E6: hanshkapur@buch.biz | F6: Male | G6: 34/168, Sachar Street, Bhatpara 002691
A7: C006 | B7: Rania Mann | C7: Karimnagar | D7: 919363577179 | E7: evaswamy@biswas-sekhon.com | F7: Female | G7: 15/89, Dayal Chowk, Rohtak 586046
A8: C007 | B8: Jayant Kamdar | C8: Berhampore | D8: 918576675504 | E8: pcontractor@hotmail.com | F8: Male | G8: H.No. 501, Goswami Path, Bhilwara 482554
A9: C008 | B9: Veer Ray | C9: Chinsurah | D9: 7138085704 | E9: uthkarshjohal@yahoo.com | F9: Female | G9: H.No. 589, Gala Circle, Nandyal-774484
A10: C009 | B10: Ritvik Borah | C10: Madurai | D10: 1336765676 | E10: daliajivika@yahoo.com | F10: Female | G10: 28/64, Lanka Marg, Ramgarh 141634
A11: C010 | B11: Darshit Dave | C11: Kanpur | D11: 1608833065 | E11: fateh26@hotmail.com | F11: Male | G11: H.No. 21, Singhal Path, Hindupur 170985
A12: C011 | B12: Lagan Kapoor | C12: Orai | D12: 916173563562 | E12: rsidhu@gmail.com | F12: Female | G12: 53/710, Tailor Ganj, Gorakhpur-030540
A13: C012 | B13: Onkar Mangat | C13: Bilaspur | D13: 919921125624 | E13: oorjabassi@wali.com | F13: Male | G13: H.No. 460, Sankar Ganj, Tadipatri 227246
... A101: C100 | B101: Pranay Chaudhary | C101: Phagwara | D101: 919478540370 | E101: prisha77@loke.org | F101: Female | G101: H.No. 58, Sem Street, Amravati 316691

Sheet Lists
A1: Month No | B1: Month | C1: Short | D1: Festival | E1: Day No | F1: Weekday | G1: Price From | H1: Price Band | I1: Lead From | J1: Lead Bucket | K1: Occasion | L1: Category | N1: Occasion filter list | O1: Category filter list
A2: 1 | B2: January | C2: Jan | E2: 1 | F2: Monday | G2: 0 | H2: ₹0 - 499 | I2: 0 | J2: 0 - 2 days | K2: All Occasions | L2: Cake | N2: (All) | O2: (All)
A3: 2 | B3: February | C3: Feb | D3: Valentine's Day | E3: 2 | F3: Tuesday | G3: 500 | H3: ₹500 - 999 | I3: 2 | J3: 2 - 4 days | K3: Anniversary | L3: Colors | N3: All Occasions | O3: Cake
A4: 3 | B4: March | C4: Mar | D4: Holi | E4: 3 | F4: Wednesday | G4: 1000 | H4: ₹1,000 - 1,499 | I4: 4 | J4: 4 - 6 days | K4: Birthday | L4: Mugs | N4: Anniversary | O4: Colors
A5: 4 | B5: April | C5: Apr | E5: 4 | F5: Thursday | G5: 1500 | H5: ₹1,500 - 2,000 | I5: 6 | J5: 6 - 8 days | K5: Diwali | L5: Plants | N5: Birthday | O5: Mugs
A6: 5 | B6: May | C6: May | E6: 5 | F6: Friday | I6: 8 | J6: 8 - 10 days | K6: Holi | L6: Raksha Bandhan | N6: Diwali | O6: Plants
A7: 6 | B7: June | C7: Jun | E7: 6 | F7: Saturday | I7: 10 | J7: Over 10 days | K7: Raksha Bandhan | L7: Soft Toys | N7: Holi | O7: Raksha Bandhan
A8: 7 | B8: July | C8: Jul | E8: 7 | F8: Sunday | K8: Valentine's Day | L8: Sweets | N8: Raksha Bandhan | O8: Soft Toys
A9: 8 | B9: August | C9: Aug | D9: Raksha Bandhan | N9: Valentine's Day | O9: Sweets
A10: 9 | B10: September | C10: Sep
A11: 10 | B11: October | C11: Oct
A12: 11 | B12: November | C12: Nov | D12: Diwali
A13: 12 | B13: December | C13: Dec
